No,DATE,DATETIME,TIME,RACE,GENDER,BODY_SIZE,AGE_RANGE,KIDS_CATEGORY,BASKET_SIZE,BASKET_COLOUR,ATTIRE,SHIRT_COLOUR,SHIRT_TYPE,PANTS_COLOUR,PANTS_TYPE,WASH_ITEM,WASHER_NO,DRYER_NO,SPECTACLES,AGE_GROUP,PART_OF_DAY,DAY_OF_WEEK
1,19/10/2015,2015-10-19 20:17:50,20:17:50,malay,1,1,28,4,0,8,0,1,1,0,1,1,3,10,0,"(27.999, 33.0]",Evening,0
2,19/10/2015,2015-10-19 20:28:42,20:28:42,indian,1,2,32,1,0,3,0,10,1,2,0,1,6,9,0,"(27.999, 33.0]",Evening,0
3,19/10/2015,2015-10-19 20:58:31,20:58:31,malay,0,1,30,1,0,1,0,8,1,0,0,1,4,10,0,"(27.999, 33.0]",Evening,0
4,19/10/2015,2015-10-19 21:31:28,21:31:28,indian,1,2,51,1,2,0,0,0,1,12,1,1,5,9,0,"(47.0, 51.0]",Night,0
5,19/10/2015,2015-10-19 21:40:28,21:40:28,indian,1,1,34,1,0,1,0,1,1,11,0,1,3,9,0,"(33.0, 38.0]",Night,0
6,19/10/2015,2015-10-19 23:45:38,23:45:38,unknown,1,0,50,1,1,10,0,2,2,2,0,1,4,8,0,"(47.0, 51.0]",Night,0
7,19/10/2015,2015-10-19 23:53:38,23:53:38,unknown,0,0,45,1,0,6,2,1,2,0,0,1,5,10,0,"(42.0, 47.0]",Night,0
8,20/10/2015,2015-10-20 00:24:01,0:24:01,indian,1,2,49,1,0,1,0,10,1,3,0,1,3,9,0,"(47.0, 51.0]",Late Night,1
9,20/10/2015,2015-10-20 00:45:19,0:45:19,indian,1,2,30,1,1,7,0,10,1,0,1,1,6,10,0,"(27.999, 33.0]",Late Night,1
10,20/10/2015,2015-10-20 01:17:50,1:17:50,chinese,1,1,33,1,1,6,0,10,1,2,1,2,5,7,0,"(27.999, 33.0]",Late Night,1
11,20/10/2015,2015-10-20 03:07:16,3:07:16,foreigner,0,0,45,1,0,8,3,0,1,5,1,2,4,8,0,"(42.0, 47.0]",Late Night,1
12,20/10/2015,2015-10-20 07:23:12,7:23:12,unknown,1,1,37,1,0,1,0,2,1,2,0,2,4,8,0,"(33.0, 38.0]",Early Morning,1
13,20/10/2015,2015-10-20 07:23:12,7:23:12,malay,0,1,42,1,0,1,0,1,0,2,0,1,3,7,0,"(38.0, 42.0]",Early Morning,1
14,20/10/2015,2015-10-20 09:06:14,9:06:14,malay,1,1,32,1,0,11,0,11,1,0,0,1,3,9,1,"(27.999, 33.0]",Morning,1
15,20/10/2015,2015-10-20 10:05:17,10:05:17,malay,0,1,55,4,0,8,0,2,0,5,0,1,3,8,1,"(51.0, 55.0]",Morning,1
16,20/10/2015,2015-10-20 10:41:35,10:41:35,unknown,1,2,33,1,0,2,1,1,0,3,0,1,5,9,0,"(27.999, 33.0]",Morning,1
17,20/10/2015,2015-10-20 10:49:31,10:49:31,malay,0,2,55,2,0,1,0,2,0,5,0,1,4,7,0,"(51.0, 55.0]",Morning,1
18,20/10/2015,2015-10-20 10:57:47,10:57:47,malay,1,0,37,2,0,1,0,4,2,5,0,1,5,9,0,"(33.0, 38.0]",Morning,1
19,20/10/2015,2015-10-20 11:13:26,11:13:26,malay,0,0,55,3,0,1,2,5,0,6,0,1,6,7,1,"(51.0, 55.0]",Morning,1
20,20/10/2015,2015-10-20 11:19:20,11:19:20,malay,0,1,50,4,0,6,0,3,0,5,0,1,5,10,0,"(47.0, 51.0]",Morning,1
21,20/10/2015,2015-10-20 11:27:26,11:27:26,indian,1,0,34,1,0,0,0,8,1,5,0,1,3,10,0,"(33.0, 38.0]",Morning,1
22,20/10/2015,2015-10-20 11:27:57,11:27:57,unknown,1,1,53,0,0,6,1,8,0,0,0,1,5,9,0,"(51.0, 55.0]",Morning,1
23,20/10/2015,2015-10-20 11:28:43,11:28:43,malay,0,0,38,4,0,10,0,8,2,1,0,0,3,7,0,"(33.0, 38.0]",Morning,1
24,20/10/2015,2015-10-20 13:36:46,13:36:46,chinese,0,2,29,1,1,10,0,2,1,0,0,0,3,7,1,"(27.999, 33.0]",Afternoon,1
25,20/10/2015,2015-10-20 12:10:46,12:10:46,chinese,0,1,44,1,0,10,0,0,1,0,0,1,5,7,0,"(42.0, 47.0]",Morning,1
26,20/10/2015,2015-10-20 13:44:03,13:44:03,chinese,0,1,42,1,1,5,0,0,1,0,0,1,3,8,0,"(38.0, 42.0]",Afternoon,1
27,20/10/2015,2015-10-20 13:47:46,13:47:46,chinese,1,2,41,1,0,10,3,0,2,3,0,1,6,9,0,"(38.0, 42.0]",Afternoon,1
28,20/10/2015,2015-10-20 14:39:57,14:39:57,chinese,1,2,36,4,0,8,3,4,2,11,1,0,5,9,1,"(33.0, 38.0]",Afternoon,1
29,20/10/2015,2015-10-20 14:54:19,14:54:19,indian,1,0,39,1,0,1,3,0,2,2,0,1,4,10,0,"(38.0, 42.0]",Afternoon,1
30,20/10/2015,2015-10-20 14:54:19,14:54:19,indian,1,2,42,1,0,1,3,0,1,2,0,1,6,9,0,"(38.0, 42.0]",Afternoon,1
31,20/10/2015,2015-10-20 15:26:05,15:26:05,malay,0,0,32,1,0,7,3,7,0,0,0,1,3,7,0,"(27.999, 33.0]",Afternoon,1
32,20/10/2015,2015-10-20 15:45:51,15:45:51,chinese,1,2,40,2,0,8,0,10,1,11,1,1,5,9,1,"(38.0, 42.0]",Afternoon,1
33,20/10/2015,2015-10-20 15:52:41,15:52:41,foreigner,1,1,39,1,0,1,0,0,1,0,0,1,3,8,0,"(38.0, 42.0]",Afternoon,1
34,20/10/2015,2015-10-20 16:01:30,16:01:30,malay,0,0,55,1,0,7,0,7,0,0,0,1,3,7,0,"(51.0, 55.0]",Afternoon,1
35,20/10/2015,2015-10-20 16:34:06,16:34:06,chinese,1,2,46,1,0,8,0,7,1,0,2,1,4,7,0,"(42.0, 47.0]",Afternoon,1
36,20/10/2015,2015-10-20 18:14:37,18:14:37,malay,0,2,46,1,1,10,0,10,1,5,2,1,6,10,0,"(42.0, 47.0]",Evening,1
37,20/10/2015,2015-10-20 18:34:26,18:34:26,malay,1,0,35,1,0,1,1,10,1,3,2,1,4,7,1,"(33.0, 38.0]",Evening,1
38,20/10/2015,2015-10-20 18:37:46,18:37:46,chinese,0,2,35,1,1,3,0,4,1,5,1,1,5,9,0,"(33.0, 38.0]",Evening,1
39,20/10/2015,2015-10-20 18:48:34,18:48:34,malay,0,2,41,1,0,8,1,5,0,0,0,1,5,10,0,"(38.0, 42.0]",Evening,1
40,20/10/2015,2015-10-20 18:57:46,18:57:46,malay,0,0,31,1,0,8,2,3,0,4,0,1,4,9,1,"(27.999, 33.0]",Evening,1
41,20/10/2015,2015-10-20 18:57:46,18:57:46,malay,0,0,34,1,0,8,2,2,0,3,0,1,5,9,0,"(33.0, 38.0]",Evening,1
42,20/10/2015,2015-10-20 20:09:18,20:09:18,malay,0,0,36,1,0,1,0,4,0,0,0,0,4,8,0,"(33.0, 38.0]",Evening,1
43,20/10/2015,2015-10-20 20:21:03,20:21:03,malay,1,2,33,1,0,8,0,0,1,2,0,1,4,10,1,"(27.999, 33.0]",Evening,1
44,20/10/2015,2015-10-20 20:21:03,20:21:03,malay,0,0,51,1,0,1,0,1,1,9,0,1,6,9,0,"(47.0, 51.0]",Evening,1
45,20/10/2015,2015-10-20 20:21:03,20:21:03,foreigner,0,1,46,1,0,1,1,4,0,0,0,0,3,7,0,"(42.0, 47.0]",Evening,1
46,20/10/2015,2015-10-20 20:32:37,20:32:37,malay,0,1,51,1,0,0,0,8,0,9,0,1,6,8,0,"(47.0, 51.0]",Evening,1
47,20/10/2015,2015-10-20 20:44:46,20:44:46,indian,1,0,48,1,0,7,0,8,1,0,1,1,5,7,0,"(47.0, 51.0]",Evening,1
48,20/10/2015,2015-10-20 20:48:32,20:48:32,malay,0,0,28,1,0,1,0,1,0,3,0,1,3,9,1,"(27.999, 33.0]",Evening,1
49,20/10/2015,2015-10-20 21:39:30,21:39:30,indian,1,1,49,1,0,8,0,0,1,1,1,1,4,8,0,"(47.0, 51.0]",Night,1
50,20/10/2015,2015-10-20 21:44:10,21:44:10,indian,1,0,48,1,0,8,0,0,1,1,1,1,5,10,0,"(47.0, 51.0]",Night,1
51,20/10/2015,2015-10-20 21:05:59,21:05:59,malay,0,0,42,2,0,5,0,0,1,0,0,0,5,9,0,"(38.0, 42.0]",Night,1
52,20/10/2015,2015-10-20 22:04:52,22:04:52,indian,0,0,42,1,1,10,2,8,1,0,0,1,5,7,0,"(38.0, 42.0]",Night,1
53,20/10/2015,2015-10-20 22:04:52,22:04:52,foreigner,1,1,54,1,0,10,0,10,1,0,0,1,3,9,0,"(51.0, 55.0]",Night,1
54,20/10/2015,2015-10-20 22:10:28,22:10:28,foreigner,1,2,38,1,0,11,0,10,1,0,0,1,3,8,0,"(33.0, 38.0]",Night,1
55,20/10/2015,2015-10-20 22:12:39,22:12:39,chinese,0,2,39,1,0,1,0,1,0,12,1,1,6,7,0,"(38.0, 42.0]",Night,1
56,20/10/2015,2015-10-20 22:18:01,22:18:01,malay,1,2,53,4,0,10,1,2,0,1,0,1,6,8,0,"(51.0, 55.0]",Night,1
57,20/10/2015,2015-10-20 22:20:42,22:20:42,malay,1,2,29,2,0,0,0,10,1,2,0,1,3,10,0,"(27.999, 33.0]",Night,1
58,20/10/2015,2015-10-20 22:24:54,22:24:54,indian,1,0,43,1,0,1,0,10,1,0,0,1,6,10,0,"(42.0, 47.0]",Night,1
59,20/10/2015,2015-10-20 22:24:54,22:24:54,indian,0,0,29,4,1,10,2,2,1,1,0,1,5,8,0,"(27.999, 33.0]",Night,1
60,20/10/2015,2015-10-20 22:37:12,22:37:12,malay,0,2,50,2,0,0,0,4,1,5,0,1,3,8,0,"(47.0, 51.0]",Night,1
61,20/10/2015,2015-10-20 22:52:52,22:52:52,malay,2,2,51,1,1,0,0,0,1,5,0,1,3,9,0,"(47.0, 51.0]",Night,1
62,20/10/2015,2015-10-20 22:54:56,22:54:56,malay,1,2,28,2,0,10,0,10,1,2,0,1,4,10,0,"(27.999, 33.0]",Night,1
63,20/10/2015,2015-10-20 22:59:55,22:59:55,indian,0,1,55,0,0,10,0,1,1,3,1,1,3,9,0,"(51.0, 55.0]",Night,1
64,20/10/2015,2015-10-20 23:08:44,23:08:44,indian,1,2,33,1,1,11,0,10,1,0,0,0,5,10,0,"(27.999, 33.0]",Night,1
65,20/10/2015,2015-10-20 23:08:44,23:08:44,indian,1,1,49,1,1,10,1,1,0,0,0,1,6,10,1,"(47.0, 51.0]",Night,1
66,20/10/2015,2015-10-20 23:15:42,23:15:42,malay,1,2,42,1,1,8,0,2,0,1,0,0,4,8,0,"(38.0, 42.0]",Night,1
67,20/10/2015,2015-10-20 00:04:56,0:04:56,malay,0,1,45,1,0,6,1,8,0,0,0,0,3,7,0,"(42.0, 47.0]",Late Night,1
68,21/10/2015,2015-10-21 02:17:42,2:17:42,indian,1,2,30,1,1,10,0,0,1,11,1,1,6,7,0,"(27.999, 33.0]",Late Night,2
69,21/10/2015,2015-10-21 07:35:52,7:35:52,indian,2,0,44,1,1,1,0,1,1,11,1,1,4,8,0,"(42.0, 47.0]",Early Morning,2
70,21/10/2015,2015-10-21 07:58:48,7:58:48,chinese,2,1,54,1,0,8,0,1,1,3,0,1,3,7,0,"(51.0, 55.0]",Early Morning,2
71,21/10/2015,2015-10-21 11:21:04,11:21:04,chinese,2,2,43,1,0,11,0,4,1,11,0,1,3,8,0,"(42.0, 47.0]",Morning,2
72,21/10/2015,2015-10-21 11:56:35,11:56:35,malay,1,2,32,1,0,1,0,2,1,2,0,1,4,8,1,"(27.999, 33.0]",Morning,2
73,21/10/2015,2015-10-21 11:56:35,11:56:35,malay,1,1,29,1,0,8,0,4,1,3,0,1,5,8,0,"(27.999, 33.0]",Morning,2
74,21/10/2015,2015-10-21 12:01:57,12:01:57,chinese,1,2,40,1,1,10,0,8,1,1,0,1,3,9,1,"(38.0, 42.0]",Morning,2
75,21/10/2015,2015-10-21 12:01:57,12:01:57,chinese,2,2,31,1,0,10,0,0,1,5,0,1,5,8,0,"(27.999, 33.0]",Morning,2
76,21/10/2015,2015-10-21 12:32:17,12:32:17,malay,0,2,31,1,0,8,0,1,0,0,0,1,5,10,0,"(27.999, 33.0]",Morning,2
77,21/10/2015,2015-10-21 12:44:01,12:44:01,chinese,1,2,54,1,1,10,0,8,1,0,0,1,3,8,0,"(51.0, 55.0]",Morning,2
78,21/10/2015,2015-10-21 13:04:37,13:04:37,malay,0,2,42,1,0,8,0,10,0,0,0,1,6,10,0,"(38.0, 42.0]",Afternoon,2
79,21/10/2015,2015-10-21 13:04:37,13:04:37,malay,1,1,54,1,1,10,0,3,1,2,0,1,5,7,0,"(51.0, 55.0]",Afternoon,2
80,21/10/2015,2015-10-21 14:18:47,14:18:47,chinese,0,0,45,1,0,1,0,4,0,11,0,1,3,10,1,"(42.0, 47.0]",Afternoon,2
81,21/10/2015,2015-10-21 14:30:07,14:30:07,malay,1,0,38,2,0,10,0,4,1,0,0,1,3,7,0,"(33.0, 38.0]",Afternoon,2
82,21/10/2015,2015-10-21 14:32:50,14:32:50,malay,0,1,48,4,0,1,2,3,0,11,0,1,5,9,1,"(47.0, 51.0]",Afternoon,2
83,21/10/2015,2015-10-21 14:51:37,14:51:37,chinese,0,2,42,1,0,0,0,8,1,3,1,1,3,9,0,"(38.0, 42.0]",Afternoon,2
84,21/10/2015,2015-10-21 15:05:32,15:05:32,malay,0,1,42,2,0,1,2,7,0,8,0,0,4,8,0,"(38.0, 42.0]",Afternoon,2
85,21/10/2015,2015-10-21 16:53:36,16:53:36,chinese,1,1,53,1,1,10,0,1,1,12,1,1,4,9,0,"(51.0, 55.0]",Afternoon,2
86,21/10/2015,2015-10-21 19:35:17,19:35:17,malay,0,0,40,1,0,1,2,2,0,3,0,1,6,8,0,"(38.0, 42.0]",Evening,2
87,21/10/2015,2015-10-21 19:35:17,19:35:17,malay,0,1,53,1,0,10,2,7,0,8,0,1,4,7,1,"(51.0, 55.0]",Evening,2
88,21/10/2015,2015-10-21 19:35:17,19:35:17,indian,1,0,49,1,0,0,0,0,1,2,0,1,3,7,0,"(47.0, 51.0]",Evening,2
89,21/10/2015,2015-10-21 21:13:41,21:13:41,malay,1,2,52,1,0,0,2,2,0,3,0,1,6,10,0,"(51.0, 55.0]",Night,2
90,21/10/2015,2015-10-21 21:13:41,21:13:41,malay,1,2,32,1,0,10,0,0,1,0,0,1,6,8,0,"(27.999, 33.0]",Night,2
91,21/10/2015,2015-10-21 21:13:41,21:13:41,chinese,1,1,34,1,0,1,0,1,1,9,1,1,5,9,1,"(33.0, 38.0]",Night,2
92,21/10/2015,2015-10-21 21:13:41,21:13:41,indian,1,2,35,1,0,10,1,10,0,0,0,1,3,7,0,"(33.0, 38.0]",Night,2
93,22/10/2015,2015-10-22 07:31:47,7:31:47,malay,0,1,49,1,0,11,2,10,0,11,0,1,4,8,0,"(47.0, 51.0]",Early Morning,3
94,22/10/2015,2015-10-22 09:19:35,9:19:35,malay,0,0,33,1,0,10,2,1,0,0,0,1,5,7,0,"(27.999, 33.0]",Morning,3
95,22/10/2015,2015-10-22 09:19:35,9:19:35,malay,0,1,55,1,0,1,1,4,0,0,0,1,4,8,0,"(51.0, 55.0]",Morning,3
96,22/10/2015,2015-10-22 09:48:38,9:48:38,chinese,0,2,42,1,0,1,0,6,1,0,0,0,4,7,0,"(38.0, 42.0]",Morning,3
97,22/10/2015,2015-10-22 10:08:57,10:08:57,malay,1,1,55,1,0,1,0,10,1,12,0,1,3,8,1,"(51.0, 55.0]",Morning,3
98,22/10/2015,2015-10-22 10:50:38,10:50:38,malay,0,2,49,1,0,1,0,2,0,0,0,1,5,9,0,"(47.0, 51.0]",Morning,3
99,22/10/2015,2015-10-22 10:50:38,10:50:38,malay,1,2,46,1,0,0,0,8,1,11,0,1,3,8,1,"(42.0, 47.0]",Morning,3
100,22/10/2015,2015-10-22 13:14:43,13:14:43,foreigner,0,1,41,1,0,10,0,10,1,11,0,1,5,10,0,"(38.0, 42.0]",Afternoon,3
101,22/10/2015,2015-10-22 13:17:51,13:17:51,malay,0,0,53,1,0,1,1,6,0,0,0,1,3,7,0,"(51.0, 55.0]",Afternoon,3
102,22/10/2015,2015-10-22 13:17:51,13:17:51,malay,1,0,41,1,0,3,0,3,1,0,0,1,3,10,0,"(38.0, 42.0]",Afternoon,3
103,22/10/2015,2015-10-22 14:38:23,14:38:23,malay,1,1,55,1,1,10,0,2,1,5,0,1,4,8,1,"(51.0, 55.0]",Afternoon,3
104,22/10/2015,2015-10-22 15:10:04,15:10:04,malay,0,1,34,1,1,3,0,8,0,8,0,1,4,7,0,"(33.0, 38.0]",Afternoon,3
105,22/10/2015,2015-10-22 15:42:25,15:42:25,malay,0,0,40,1,0,1,0,3,0,0,0,1,6,10,0,"(38.0, 42.0]",Afternoon,3
106,22/10/2015,2015-10-22 18:42:40,18:42:40,indian,1,0,44,1,0,10,0,11,1,5,1,1,5,7,0,"(42.0, 47.0]",Evening,3
107,22/10/2015,2015-10-22 19:48:07,19:48:07,chinese,1,2,50,0,0,1,0,0,1,0,0,1,3,10,0,"(47.0, 51.0]",Evening,3
108,22/10/2015,2015-10-22 20:23:30,20:23:30,foreigner,1,1,54,1,0,1,0,0,1,0,0,1,3,7,0,"(51.0, 55.0]",Evening,3
109,22/10/2015,2015-10-22 20:49:14,20:49:14,chinese,1,2,44,1,0,0,0,0,1,2,0,1,5,8,0,"(42.0, 47.0]",Evening,3
110,22/10/2015,2015-10-22 22:10:13,22:10:13,indian,1,1,32,1,0,10,0,3,1,3,1,1,3,9,0,"(27.999, 33.0]",Night,3
111,22/10/2015,2015-10-22 22:52:01,22:52:01,chinese,0,2,32,1,0,1,0,10,1,3,1,1,3,9,0,"(27.999, 33.0]",Night,3
112,22/10/2015,2015-10-22 23:18:33,23:18:33,indian,1,0,47,1,0,0,0,1,1,0,1,1,6,7,0,"(42.0, 47.0]",Night,3
113,23/10/2015,2015-10-23 01:09:08,1:09:08,chinese,0,0,30,2,0,8,0,8,1,4,1,1,6,10,0,"(27.999, 33.0]",Late Night,4
114,23/10/2015,2015-10-23 01:31:55,1:31:55,chinese,1,0,31,1,0,11,0,2,1,0,0,1,3,8,1,"(27.999, 33.0]",Late Night,4
115,23/10/2015,2015-10-23 01:52:36,1:52:36,indian,0,0,39,1,0,10,0,4,1,0,0,1,3,10,0,"(38.0, 42.0]",Late Night,4
116,23/10/2015,2015-10-23 02:48:52,2:48:52,malay,1,0,40,1,0,0,0,1,1,5,0,1,5,7,0,"(38.0, 42.0]",Late Night,4
117,23/10/2015,2015-10-23 04:35:37,4:35:37,indian,1,1,42,1,0,11,1,10,1,0,0,1,5,8,0,"(38.0, 42.0]",Late Night,4
118,23/10/2015,2015-10-23 07:07:53,7:07:53,malay,0,0,52,0,0,8,0,10,1,0,0,1,5,7,1,"(51.0, 55.0]",Early Morning,4
119,23/10/2015,2015-10-23 07:31:00,7:31:00,malay,1,0,33,1,0,8,0,8,0,3,1,1,3,7,0,"(27.999, 33.0]",Early Morning,4
120,23/10/2015,2015-10-23 10:27:02,10:27:02,chinese,1,2,47,1,0,8,1,10,1,0,0,1,5,9,1,"(42.0, 47.0]",Morning,4
121,23/10/2015,2015-10-23 11:14:22,11:14:22,malay,1,0,53,0,0,4,0,8,1,3,0,1,3,9,0,"(51.0, 55.0]",Morning,4
122,23/10/2015,2015-10-23 11:17:03,11:17:03,malay,0,1,53,2,0,9,1,6,0,0,0,1,4,7,0,"(51.0, 55.0]",Morning,4
123,23/10/2015,2015-10-23 11:54:36,11:54:36,indian,1,1,40,1,1,3,1,10,1,0,2,1,3,9,0,"(38.0, 42.0]",Morning,4
124,23/10/2015,2015-10-23 11:59:37,11:59:37,malay,1,1,40,1,0,10,1,10,1,5,0,1,4,10,0,"(38.0, 42.0]",Morning,4
125,23/10/2015,2015-10-23 12:00:06,12:00:06,malay,2,0,52,1,0,1,3,0,0,0,0,1,6,10,0,"(51.0, 55.0]",Morning,4
126,23/10/2015,2015-10-23 12:00:06,12:00:06,indian,1,0,44,1,0,10,0,0,1,5,0,2,4,10,0,"(42.0, 47.0]",Morning,4
127,23/10/2015,2015-10-23 12:00:06,12:00:06,malay,1,0,28,1,0,0,0,0,1,0,0,1,3,8,0,"(27.999, 33.0]",Morning,4
128,23/10/2015,2015-10-23 12:01:53,12:01:53,unknown,1,2,44,1,0,10,3,0,1,9,1,2,4,8,1,"(42.0, 47.0]",Morning,4
129,23/10/2015,2015-10-23 12:23:32,12:23:32,malay,0,2,52,1,0,1,0,1,2,1,1,2,5,8,0,"(51.0, 55.0]",Morning,4
130,23/10/2015,2015-10-23 12:57:44,12:57:44,malay,0,0,39,1,0,9,0,0,1,0,0,1,6,8,0,"(38.0, 42.0]",Morning,4
131,23/10/2015,2015-10-23 15:17:25,15:17:25,malay,0,2,31,1,0,10,0,8,1,2,0,1,3,7,0,"(27.999, 33.0]",Afternoon,4
132,23/10/2015,2015-10-23 16:06:01,16:06:01,foreigner,1,2,31,1,0,10,1,4,2,5,0,1,6,9,0,"(27.999, 33.0]",Afternoon,4
133,23/10/2015,2015-10-23 16:06:01,16:06:01,unknown,0,0,40,1,0,4,0,4,0,0,2,1,4,9,0,"(38.0, 42.0]",Afternoon,4
134,23/10/2015,2015-10-23 16:11:32,16:11:32,malay,0,2,28,0,0,10,0,1,2,0,0,0,4,9,0,"(27.999, 33.0]",Afternoon,4
135,23/10/2015,2015-10-23 16:33:34,16:33:34,malay,0,1,41,1,0,3,2,1,0,1,0,1,4,7,1,"(38.0, 42.0]",Afternoon,4
136,23/10/2015,2015-10-23 17:31:48,17:31:48,malay,0,1,41,2,0,10,0,8,1,2,0,1,6,10,0,"(38.0, 42.0]",Evening,4
137,23/10/2015,2015-10-23 17:31:48,17:31:48,malay,2,0,49,1,0,1,0,2,1,11,0,1,5,9,0,"(47.0, 51.0]",Evening,4
138,23/10/2015,2015-10-23 19:47:39,19:47:39,chinese,0,2,30,1,1,10,0,3,1,0,0,1,6,7,0,"(27.999, 33.0]",Evening,4
139,23/10/2015,2015-10-23 19:55:14,19:55:14,chinese,1,1,48,1,0,1,0,10,1,0,2,1,3,9,0,"(47.0, 51.0]",Evening,4
140,23/10/2015,2015-10-23 20:08:58,20:08:58,chinese,0,1,34,1,0,10,0,10,1,2,0,1,5,7,0,"(33.0, 38.0]",Evening,4
141,23/10/2015,2015-10-23 20:39:42,20:39:42,foreigner,1,2,45,1,0,2,0,8,2,5,0,1,6,9,0,"(42.0, 47.0]",Evening,4
142,23/10/2015,2015-10-23 21:18:54,21:18:54,foreigner,0,2,39,4,0,1,0,0,1,0,0,1,3,9,0,"(38.0, 42.0]",Night,4
143,23/10/2015,2015-10-23 21:51:00,21:51:00,malay,0,1,48,2,0,8,0,1,0,0,0,2,4,7,0,"(47.0, 51.0]",Night,4
144,23/10/2015,2015-10-23 22:31:34,22:31:34,indian,0,0,40,4,0,8,0,7,1,0,2,1,4,10,0,"(38.0, 42.0]",Night,4
145,23/10/2015,2015-10-23 22:58:27,22:58:27,chinese,2,2,42,1,0,1,0,1,1,3,0,1,5,9,1,"(38.0, 42.0]",Night,4
146,23/10/2015,2015-10-23 23:38:01,23:38:01,malay,1,0,42,1,0,1,0,1,1,0,0,1,3,7,0,"(38.0, 42.0]",Night,4
147,24/10/2015,2015-10-24 00:18:48,0:18:48,chinese,1,0,36,1,0,8,0,1,1,4,1,1,3,9,1,"(33.0, 38.0]",Late Night,5
148,24/10/2015,2015-10-24 00:38:01,0:38:01,malay,2,2,28,0,0,1,0,8,1,5,0,1,3,9,0,"(27.999, 33.0]",Late Night,5
149,24/10/2015,2015-10-24 01:31:38,1:31:38,malay,1,0,53,1,0,8,0,10,1,0,0,1,3,7,1,"(51.0, 55.0]",Late Night,5
150,24/10/2015,2015-10-24 06:44:22,6:44:22,malay,1,2,42,1,0,8,0,11,2,0,0,1,4,7,1,"(38.0, 42.0]",Early Morning,5
151,24/10/2015,2015-10-24 06:56:49,6:56:49,chinese,0,1,39,1,0,8,0,1,1,0,0,1,6,9,0,"(38.0, 42.0]",Early Morning,5
152,24/10/2015,2015-10-24 08:51:44,8:51:44,unknown,1,0,40,1,0,0,0,10,0,3,2,1,4,10,0,"(38.0, 42.0]",Early Morning,5
153,24/10/2015,2015-10-24 09:07:33,9:07:33,indian,0,2,41,1,0,3,0,2,1,5,0,2,6,9,0,"(38.0, 42.0]",Morning,5
154,24/10/2015,2015-10-24 09:22:05,9:22:05,malay,0,2,50,1,2,8,0,2,0,3,0,0,3,7,0,"(47.0, 51.0]",Morning,5
155,24/10/2015,2015-10-24 09:23:10,9:23:10,malay,0,0,48,1,0,8,0,8,0,3,0,1,6,9,0,"(47.0, 51.0]",Morning,5
156,24/10/2015,2015-10-24 09:23:10,9:23:10,unknown,0,2,42,1,0,8,0,3,0,9,0,1,6,8,0,"(38.0, 42.0]",Morning,5
157,24/10/2015,2015-10-24 09:24:29,9:24:29,malay,1,3,51,1,1,10,0,1,2,0,0,2,6,10,0,"(47.0, 51.0]",Morning,5
158,24/10/2015,2015-10-24 10:30:48,10:30:48,chinese,0,2,54,1,0,8,0,9,1,3,1,1,6,9,0,"(51.0, 55.0]",Morning,5
159,24/10/2015,2015-10-24 10:30:48,10:30:48,malay,1,2,50,2,0,0,0,0,1,1,0,1,4,10,0,"(47.0, 51.0]",Morning,5
160,24/10/2015,2015-10-24 10:47:32,10:47:32,unknown,0,0,44,1,0,1,0,0,0,0,0,1,5,8,0,"(42.0, 47.0]",Morning,5
161,24/10/2015,2015-10-24 10:59:09,10:59:09,malay,2,0,41,1,0,1,0,1,1,0,0,1,4,9,0,"(38.0, 42.0]",Morning,5
162,24/10/2015,2015-10-24 11:12:18,11:12:18,malay,0,1,45,4,0,8,0,0,1,9,0,2,4,7,0,"(42.0, 47.0]",Morning,5
163,24/10/2015,2015-10-24 11:32:11,11:32:11,malay,1,0,41,4,0,1,0,5,1,5,1,1,6,10,0,"(38.0, 42.0]",Morning,5
164,24/10/2015,2015-10-24 11:34:26,11:34:26,indian,0,3,37,1,0,8,0,4,1,3,1,1,6,7,0,"(33.0, 38.0]",Morning,5
165,24/10/2015,2015-10-24 12:00:51,12:00:51,indian,2,0,35,1,0,0,0,1,2,0,0,2,3,7,0,"(33.0, 38.0]",Morning,5
166,24/10/2015,2015-10-24 12:14:54,12:14:54,chinese,1,2,53,0,0,1,0,0,1,5,0,0,6,7,1,"(51.0, 55.0]",Morning,5
167,24/10/2015,2015-10-24 12:37:44,12:37:44,chinese,1,1,53,1,1,10,0,8,1,3,1,1,6,10,0,"(51.0, 55.0]",Morning,5
168,24/10/2015,2015-10-24 13:05:01,13:05:01,chinese,1,2,51,1,0,0,0,8,1,2,0,1,6,7,0,"(47.0, 51.0]",Afternoon,5
169,24/10/2015,2015-10-24 13:30:48,13:30:48,malay,0,3,32,1,0,8,0,1,1,3,0,1,4,8,1,"(27.999, 33.0]",Afternoon,5
170,24/10/2015,2015-10-24 13:37:15,13:37:15,malay,0,2,52,1,0,9,0,8,1,0,0,1,5,9,0,"(51.0, 55.0]",Afternoon,5
171,24/10/2015,2015-10-24 13:37:15,13:37:15,malay,2,2,50,1,0,10,0,3,0,11,0,2,4,8,0,"(47.0, 51.0]",Afternoon,5
172,24/10/2015,2015-10-24 14:07:01,14:07:01,malay,1,1,31,1,0,8,0,2,1,11,0,1,4,10,0,"(27.999, 33.0]",Afternoon,5
173,24/10/2015,2015-10-24 14:28:38,14:28:38,indian,0,3,54,1,1,10,0,9,1,0,0,1,5,10,0,"(51.0, 55.0]",Afternoon,5
174,24/10/2015,2015-10-24 14:39:02,14:39:02,foreigner,1,2,47,1,0,1,0,1,1,0,2,1,6,7,0,"(42.0, 47.0]",Afternoon,5
175,24/10/2015,2015-10-24 14:51:31,14:51:31,chinese,1,3,39,1,0,0,0,8,2,0,1,2,3,9,1,"(38.0, 42.0]",Afternoon,5
176,24/10/2015,2015-10-24 14:55:41,14:55:41,indian,0,2,50,1,0,0,0,10,1,0,0,1,4,8,0,"(47.0, 51.0]",Afternoon,5
177,24/10/2015,2015-10-24 15:01:59,15:01:59,indian,1,0,34,1,0,9,1,5,0,0,0,0,4,7,1,"(33.0, 38.0]",Afternoon,5
178,24/10/2015,2015-10-24 15:20:20,15:20:20,malay,0,2,47,1,0,1,0,1,2,3,0,0,6,8,0,"(42.0, 47.0]",Afternoon,5
179,24/10/2015,2015-10-24 15:30:07,15:30:07,malay,1,0,40,1,0,1,0,0,1,2,0,1,5,10,0,"(38.0, 42.0]",Afternoon,5
180,24/10/2015,2015-10-24 15:30:07,15:30:07,chinese,0,2,51,1,0,8,3,10,1,0,0,1,3,8,0,"(47.0, 51.0]",Afternoon,5
181,24/10/2015,2015-10-24 15:30:07,15:30:07,chinese,1,1,37,1,0,10,0,0,1,10,0,1,4,7,1,"(33.0, 38.0]",Afternoon,5
182,24/10/2015,2015-10-24 17:07:48,17:07:48,malay,0,3,40,1,0,8,1,8,0,2,0,1,5,10,0,"(38.0, 42.0]",Evening,5
183,24/10/2015,2015-10-24 17:07:48,17:07:48,malay,0,2,54,4,0,8,0,10,1,0,0,1,5,7,0,"(51.0, 55.0]",Evening,5
184,24/10/2015,2015-10-24 17:32:53,17:32:53,indian,0,1,35,1,0,0,0,4,1,2,1,1,6,10,0,"(33.0, 38.0]",Evening,5
185,24/10/2015,2015-10-24 18:56:36,18:56:36,indian,0,1,49,1,0,1,3,10,1,2,0,1,3,7,0,"(47.0, 51.0]",Evening,5
186,24/10/2015,2015-10-24 19:02:34,19:02:34,indian,0,2,39,1,0,0,0,10,0,0,0,0,5,10,1,"(38.0, 42.0]",Evening,5
187,24/10/2015,2015-10-24 19:39:23,19:39:23,malay,1,2,41,1,0,1,0,8,1,0,0,1,3,7,1,"(38.0, 42.0]",Evening,5
188,24/10/2015,2015-10-24 19:39:23,19:39:23,chinese,0,1,40,1,0,0,3,0,1,11,0,1,4,10,0,"(38.0, 42.0]",Evening,5
189,24/10/2015,2015-10-24 20:03:39,20:03:39,malay,1,2,41,1,0,1,0,0,1,2,0,0,4,9,0,"(38.0, 42.0]",Evening,5
190,24/10/2015,2015-10-24 20:07:19,20:07:19,chinese,0,2,51,3,0,1,0,0,1,11,0,1,4,8,0,"(47.0, 51.0]",Evening,5
191,24/10/2015,2015-10-24 20:59:01,20:59:01,malay,0,0,29,1,0,6,0,4,0,1,0,1,3,8,1,"(27.999, 33.0]",Evening,5
192,24/10/2015,2015-10-24 20:59:01,20:59:01,malay,0,0,45,1,0,0,3,1,1,0,0,1,5,7,0,"(42.0, 47.0]",Evening,5
193,24/10/2015,2015-10-24 20:59:01,20:59:01,malay,0,0,54,1,0,10,0,1,1,3,0,1,3,7,1,"(51.0, 55.0]",Evening,5
194,24/10/2015,2015-10-24 21:06:04,21:06:04,indian,1,2,45,1,0,10,0,8,1,4,0,1,6,9,0,"(42.0, 47.0]",Night,5
195,24/10/2015,2015-10-24 21:12:32,21:12:32,malay,0,0,39,1,0,4,3,8,0,5,0,1,6,9,0,"(38.0, 42.0]",Night,5
196,24/10/2015,2015-10-24 21:12:32,21:12:32,malay,0,2,53,1,2,0,0,4,1,3,0,1,5,8,1,"(51.0, 55.0]",Night,5
197,24/10/2015,2015-10-24 21:45:54,21:45:54,malay,0,2,37,1,0,1,0,8,0,5,0,1,4,8,0,"(33.0, 38.0]",Night,5
198,24/10/2015,2015-10-24 21:45:54,21:45:54,malay,1,0,50,1,0,1,0,0,2,0,0,1,3,7,1,"(47.0, 51.0]",Night,5
199,24/10/2015,2015-10-24 23:32:46,23:32:46,chinese,0,2,34,1,0,6,1,10,1,1,0,1,6,8,0,"(33.0, 38.0]",Night,5
200,24/10/2015,2015-10-24 23:40:46,23:40:46,indian,1,2,46,1,0,1,3,1,1,3,1,2,4,10,0,"(42.0, 47.0]",Night,5
201,24/10/2015,2015-10-24 23:47:35,23:47:35,chinese,1,2,33,1,2,0,0,9,1,2,1,1,3,8,0,"(27.999, 33.0]",Night,5
202,25/10/2015,2015-10-25 00:08:09,0:08:09,malay,1,0,42,1,0,0,0,8,1,0,0,0,4,7,0,"(38.0, 42.0]",Late Night,6
203,25/10/2015,2015-10-25 00:11:08,0:11:08,malay,1,0,50,1,0,4,3,4,1,9,1,1,6,10,1,"(47.0, 51.0]",Late Night,6
204,25/10/2015,2015-10-25 01:29:47,1:29:47,chinese,0,0,54,1,0,2,0,0,2,0,0,1,3,7,0,"(51.0, 55.0]",Late Night,6
205,25/10/2015,2015-10-25 08:15:00,8:15:00,chinese,1,2,38,1,0,8,0,10,1,2,0,1,4,10,1,"(33.0, 38.0]",Early Morning,6
206,25/10/2015,2015-10-25 08:15:00,8:15:00,chinese,0,2,30,1,0,1,0,6,1,7,1,1,3,10,1,"(27.999, 33.0]",Early Morning,6
207,25/10/2015,2015-10-25 08:17:23,8:17:23,malay,1,0,54,1,1,8,0,5,1,2,0,1,4,8,1,"(51.0, 55.0]",Early Morning,6
208,26/10/2015,2015-10-26 08:40:01,8:40:01,malay,0,1,47,1,0,7,0,1,0,0,0,1,6,10,1,"(42.0, 47.0]",Early Morning,0
209,26/10/2015,2015-10-26 08:40:01,8:40:01,malay,1,2,29,1,1,8,3,5,1,11,0,1,6,9,1,"(27.999, 33.0]",Early Morning,0
210,26/10/2015,2015-10-26 08:40:01,8:40:01,malay,0,0,46,1,0,10,0,7,0,7,0,1,5,8,0,"(42.0, 47.0]",Early Morning,0
211,26/10/2015,2015-10-26 08:40:01,8:40:01,malay,1,1,41,0,0,3,0,0,1,5,0,1,3,9,0,"(38.0, 42.0]",Early Morning,0
212,26/10/2015,2015-10-26 09:15:05,9:15:05,indian,1,1,41,1,0,10,0,0,1,1,0,1,6,7,0,"(38.0, 42.0]",Morning,0
213,29/10/2015,2015-10-29 21:19:48,21:19:48,chinese,0,1,42,1,1,0,0,7,1,8,0,1,6,8,0,"(38.0, 42.0]",Night,3
214,29/10/2015,2015-10-29 21:28:23,21:28:23,chinese,0,0,32,1,0,0,0,8,1,3,1,1,5,10,0,"(27.999, 33.0]",Night,3
215,29/10/2015,2015-10-29 21:28:23,21:28:23,malay,1,0,35,1,1,2,0,4,0,2,1,1,3,8,0,"(33.0, 38.0]",Night,3
216,29/10/2015,2015-10-29 21:30:29,21:30:29,foreigner,0,0,45,1,0,7,0,8,1,0,0,1,6,10,0,"(42.0, 47.0]",Night,3
217,29/10/2015,2015-10-29 21:49:52,21:49:52,indian,1,0,35,4,0,0,1,6,1,5,0,1,6,9,0,"(33.0, 38.0]",Night,3
218,29/10/2015,2015-10-29 21:59:25,21:59:25,malay,0,0,47,1,0,4,0,0,0,11,0,1,4,10,0,"(42.0, 47.0]",Night,3
219,29/10/2015,2015-10-29 21:59:25,21:59:25,chinese,1,0,34,1,0,0,0,2,1,5,1,1,6,8,0,"(33.0, 38.0]",Night,3
220,29/10/2015,2015-10-29 21:59:25,21:59:25,malay,0,1,44,1,0,10,0,0,0,0,0,1,6,7,0,"(42.0, 47.0]",Night,3
221,29/10/2015,2015-10-29 22:38:51,22:38:51,indian,1,0,38,1,0,8,0,1,1,11,0,1,6,10,0,"(33.0, 38.0]",Night,3
222,30/10/2015,2015-10-30 18:53:06,18:53:06,malay,1,2,49,1,0,3,1,4,0,0,0,1,5,8,0,"(47.0, 51.0]",Evening,4
223,01/11/2015,2015-11-01 06:44:39,6:44:39,malay,0,0,47,1,0,8,0,0,1,1,0,1,4,10,0,"(42.0, 47.0]",Early Morning,6
224,01/11/2015,2015-11-01 07:15:46,7:15:46,malay,0,2,48,1,0,1,0,6,0,4,0,1,6,10,1,"(47.0, 51.0]",Early Morning,6
225,01/11/2015,2015-11-01 07:49:27,7:49:27,indian,1,2,52,1,0,11,0,8,1,8,1,1,4,8,0,"(51.0, 55.0]",Early Morning,6
226,01/11/2015,2015-11-01 08:07:53,8:07:53,malay,1,0,29,4,0,0,0,5,1,2,0,1,6,9,0,"(27.999, 33.0]",Early Morning,6
227,02/11/2015,2015-11-02 13:32:51,13:32:51,foreigner,1,2,44,1,0,10,1,5,0,0,0,1,3,9,0,"(42.0, 47.0]",Afternoon,0
228,02/11/2015,2015-11-02 13:54:53,13:54:53,indian,1,1,50,1,1,0,0,0,1,0,0,1,6,10,0,"(47.0, 51.0]",Afternoon,0
229,02/11/2015,2015-11-02 14:29:06,14:29:06,malay,0,0,34,1,0,8,0,10,1,0,0,1,3,7,0,"(33.0, 38.0]",Afternoon,0
230,02/11/2015,2015-11-02 14:40:43,14:40:43,malay,0,2,53,1,0,10,1,0,0,0,0,1,6,7,0,"(51.0, 55.0]",Afternoon,0
231,02/11/2015,2015-11-02 14:50:13,14:50:13,malay,1,0,47,1,1,10,0,10,1,11,0,1,6,8,0,"(42.0, 47.0]",Afternoon,0
232,02/11/2015,2015-11-02 14:50:13,14:50:13,malay,1,1,53,1,0,5,0,0,1,5,0,1,3,7,0,"(51.0, 55.0]",Afternoon,0
233,02/11/2015,2015-11-02 15:15:59,15:15:59,indian,0,2,36,1,0,8,0,1,0,0,0,1,4,8,0,"(33.0, 38.0]",Afternoon,0
234,02/11/2015,2015-11-02 15:20:26,15:20:26,indian,1,2,43,1,0,1,0,0,1,5,0,1,3,7,0,"(42.0, 47.0]",Afternoon,0
235,02/11/2015,2015-11-02 17:19:17,17:19:17,malay,0,0,44,1,0,8,2,10,0,11,0,1,6,9,1,"(42.0, 47.0]",Evening,0
236,02/11/2015,2015-11-02 17:23:07,17:23:07,malay,0,0,50,1,0,8,2,8,0,9,0,1,5,9,1,"(47.0, 51.0]",Evening,0
237,02/11/2015,2015-11-02 17:23:07,17:23:07,malay,0,0,55,1,0,8,2,7,0,8,0,1,3,7,0,"(51.0, 55.0]",Evening,0
238,02/11/2015,2015-11-02 17:43:38,17:43:38,malay,0,2,29,1,0,6,2,7,0,8,0,1,5,10,1,"(27.999, 33.0]",Evening,0
239,02/11/2015,2015-11-02 17:47:23,17:47:23,indian,0,2,28,1,0,0,0,0,1,0,0,0,4,8,0,"(27.999, 33.0]",Evening,0
240,02/11/2015,2015-11-02 18:06:43,18:06:43,malay,1,0,35,1,0,1,0,0,1,5,0,1,5,9,0,"(33.0, 38.0]",Evening,0
241,02/11/2015,2015-11-02 18:18:21,18:18:21,foreigner,1,1,46,1,0,2,0,3,0,2,0,1,6,7,0,"(42.0, 47.0]",Evening,0
242,02/11/2015,2015-11-02 18:39:35,18:39:35,indian,1,2,50,1,0,8,0,5,1,0,0,1,5,7,0,"(47.0, 51.0]",Evening,0
243,02/11/2015,2015-11-02 18:39:35,18:39:35,malay,0,2,33,1,1,6,2,7,0,8,0,1,3,10,0,"(27.999, 33.0]",Evening,0
244,02/11/2015,2015-11-02 19:00:24,19:00:24,malay,0,1,34,1,0,0,0,1,0,0,0,1,6,7,0,"(33.0, 38.0]",Evening,0
245,02/11/2015,2015-11-02 19:02:13,19:02:13,malay,1,0,40,1,0,1,0,0,1,5,0,1,5,9,0,"(38.0, 42.0]",Evening,0
246,02/11/2015,2015-11-02 19:00:14,19:00:14,malay,0,0,33,1,0,1,0,4,0,5,0,1,3,7,0,"(27.999, 33.0]",Evening,0
247,02/11/2015,2015-11-02 19:14:08,19:14:08,indian,0,1,52,1,0,8,0,5,1,0,1,1,5,8,0,"(51.0, 55.0]",Evening,0
248,02/11/2015,2015-11-02 19:14:08,19:14:08,chinese,1,0,54,1,0,1,0,0,1,11,1,1,3,7,0,"(51.0, 55.0]",Evening,0
249,02/11/2015,2015-11-02 19:35:06,19:35:06,malay,0,1,38,1,0,1,0,10,1,9,1,1,3,10,0,"(33.0, 38.0]",Evening,0
250,02/11/2015,2015-11-02 19:36:41,19:36:41,foreigner,1,2,43,1,1,2,0,4,1,3,1,1,5,10,0,"(42.0, 47.0]",Evening,0
251,02/11/2015,2015-11-02 19:49:45,19:49:45,foreigner,1,2,45,1,0,3,0,3,1,2,0,1,3,8,0,"(42.0, 47.0]",Evening,0
252,02/11/2015,2015-11-02 20:11:16,20:11:16,malay,1,0,52,1,0,1,2,2,0,3,0,1,6,9,1,"(51.0, 55.0]",Evening,0
253,02/11/2015,2015-11-02 20:11:16,20:11:16,malay,0,0,37,1,0,4,0,3,1,0,0,1,3,9,0,"(33.0, 38.0]",Evening,0
254,02/11/2015,2015-11-02 20:43:51,20:43:51,malay,1,0,41,1,0,10,0,0,1,4,0,1,5,10,0,"(38.0, 42.0]",Evening,0
255,02/11/2015,2015-11-02 21:21:52,21:21:52,malay,1,0,45,1,0,0,0,10,1,1,0,1,5,10,1,"(42.0, 47.0]",Night,0
256,02/11/2015,2015-11-02 21:31:46,21:31:46,malay,0,2,53,1,0,3,1,10,0,0,0,1,5,10,0,"(51.0, 55.0]",Night,0
257,02/11/2015,2015-11-02 21:36:02,21:36:02,malay,1,2,39,1,0,0,0,10,1,0,0,0,4,8,1,"(38.0, 42.0]",Night,0
258,02/11/2015,2015-11-02 22:08:41,22:08:41,indian,1,1,32,1,0,10,0,2,1,5,0,1,6,10,0,"(27.999, 33.0]",Night,0
259,02/11/2015,2015-11-02 22:10:28,22:10:28,malay,0,2,50,1,0,6,0,7,0,8,0,1,3,8,1,"(47.0, 51.0]",Night,0
260,02/11/2015,2015-11-02 23:09:00,23:09:00,indian,0,2,33,1,0,10,0,0,1,0,0,1,5,9,0,"(27.999, 33.0]",Night,0
261,02/11/2015,2015-11-02 23:12:22,23:12:22,indian,0,0,46,1,0,10,1,7,0,0,0,1,6,7,0,"(42.0, 47.0]",Night,0
262,02/11/2015,2015-11-02 23:14:25,23:14:25,indian,0,0,30,1,0,10,2,3,1,0,0,0,3,8,0,"(27.999, 33.0]",Night,0
263,03/11/2015,2015-11-03 00:26:16,0:26:16,chinese,1,2,55,1,0,10,0,1,1,11,1,1,5,10,0,"(51.0, 55.0]",Late Night,1
264,03/11/2015,2015-11-03 00:34:09,0:34:09,indian,1,2,30,1,0,10,0,0,1,0,0,1,5,8,0,"(27.999, 33.0]",Late Night,1
265,03/11/2015,2015-11-03 00:54:05,0:54:05,chinese,1,0,34,1,0,10,0,11,1,3,0,1,5,7,1,"(33.0, 38.0]",Late Night,1
266,03/11/2015,2015-11-03 01:14:32,1:14:32,indian,0,0,39,1,0,1,1,0,0,0,0,1,3,10,0,"(38.0, 42.0]",Late Night,1
267,03/11/2015,2015-11-03 08:09:27,8:09:27,chinese,0,0,41,1,0,2,0,5,1,0,0,1,4,10,0,"(38.0, 42.0]",Early Morning,1
268,03/11/2015,2015-11-03 08:51:31,8:51:31,chinese,1,0,39,1,0,1,0,4,1,2,1,1,4,7,1,"(38.0, 42.0]",Early Morning,1
269,03/11/2015,2015-11-03 09:20:56,9:20:56,indian,1,1,35,1,0,8,0,2,1,1,1,1,3,7,0,"(33.0, 38.0]",Morning,1
270,03/11/2015,2015-11-03 10:39:34,10:39:34,malay,0,2,34,1,0,1,1,5,0,1,0,1,4,7,0,"(33.0, 38.0]",Morning,1
271,03/11/2015,2015-11-03 14:27:01,14:27:01,chinese,1,1,55,1,0,0,0,2,1,0,1,1,3,7,0,"(51.0, 55.0]",Afternoon,1
272,03/11/2015,2015-11-03 15:22:19,15:22:19,indian,1,1,47,1,0,10,0,8,1,5,1,1,3,10,0,"(42.0, 47.0]",Afternoon,1
273,03/11/2015,2015-11-03 17:15:38,17:15:38,chinese,1,2,45,1,0,8,0,8,1,2,1,1,4,8,0,"(42.0, 47.0]",Evening,1
274,03/11/2015,2015-11-03 17:51:32,17:51:32,malay,0,0,31,1,0,1,2,1,0,1,0,1,4,8,0,"(27.999, 33.0]",Evening,1
275,03/11/2015,2015-11-03 18:47:12,18:47:12,chinese,0,2,41,1,0,5,0,4,0,0,0,1,3,8,0,"(38.0, 42.0]",Evening,1
276,03/11/2015,2015-11-03 19:16:59,19:16:59,foreigner,1,2,42,1,0,10,0,10,1,7,1,1,6,9,0,"(38.0, 42.0]",Evening,1
277,03/11/2015,2015-11-03 19:37:38,19:37:38,foreigner,0,0,36,1,0,4,0,11,1,0,0,1,5,7,0,"(33.0, 38.0]",Evening,1
278,03/11/2015,2015-11-03 19:37:38,19:37:38,foreigner,0,0,54,1,0,10,0,3,0,11,0,0,5,8,0,"(51.0, 55.0]",Evening,1
279,03/11/2015,2015-11-03 19:40:43,19:40:43,chinese,0,2,44,1,0,1,0,3,1,0,0,1,6,10,0,"(42.0, 47.0]",Evening,1
280,03/11/2015,2015-11-03 19:40:43,19:40:43,malay,0,0,47,1,0,10,0,8,1,3,0,1,5,10,0,"(42.0, 47.0]",Evening,1
281,03/11/2015,2015-11-03 19:40:43,19:40:43,malay,0,1,47,1,0,0,0,8,1,0,0,1,3,9,0,"(42.0, 47.0]",Evening,1
282,03/11/2015,2015-11-03 20:20:31,20:20:31,malay,1,0,29,1,0,8,0,7,1,11,1,1,4,8,0,"(27.999, 33.0]",Evening,1
283,03/11/2015,2015-11-03 20:22:04,20:22:04,malay,0,0,41,1,0,0,0,3,1,0,0,1,6,9,0,"(38.0, 42.0]",Evening,1
284,03/11/2015,2015-11-03 20:44:37,20:44:37,malay,0,2,50,1,0,4,0,3,1,5,1,1,6,10,0,"(47.0, 51.0]",Evening,1
285,03/11/2015,2015-11-03 21:13:30,21:13:30,malay,0,0,54,1,0,1,0,0,1,0,0,0,3,9,0,"(51.0, 55.0]",Night,1
286,03/11/2015,2015-11-03 21:15:51,21:15:51,malay,0,0,48,1,0,0,0,0,0,7,1,1,4,8,0,"(47.0, 51.0]",Night,1
287,03/11/2015,2015-11-03 21:15:51,21:15:51,chinese,0,2,41,1,0,10,0,11,1,0,1,0,3,7,0,"(38.0, 42.0]",Night,1
288,03/11/2015,2015-11-03 21:26:53,21:26:53,malay,1,0,29,1,0,0,0,11,1,5,0,1,5,7,0,"(27.999, 33.0]",Night,1
289,03/11/2015,2015-11-03 21:30:09,21:30:09,malay,1,2,34,1,0,8,0,0,1,5,0,1,4,7,1,"(33.0, 38.0]",Night,1
290,03/11/2015,2015-11-03 21:32:52,21:32:52,malay,1,0,29,4,0,10,0,11,1,5,0,1,5,9,0,"(27.999, 33.0]",Night,1
291,03/11/2015,2015-11-03 21:56:30,21:56:30,indian,1,1,33,1,0,8,0,3,1,0,0,1,3,10,0,"(27.999, 33.0]",Night,1
292,03/11/2015,2015-11-03 21:58:24,21:58:24,malay,0,0,43,2,0,1,0,0,1,5,0,1,5,9,1,"(42.0, 47.0]",Night,1
293,03/11/2015,2015-11-03 22:32:11,22:32:11,malay,1,2,32,1,0,8,0,11,1,5,0,1,5,8,0,"(27.999, 33.0]",Night,1
294,03/11/2015,2015-11-03 22:33:00,22:33:00,malay,1,1,29,1,0,1,1,10,1,5,0,1,6,8,0,"(27.999, 33.0]",Night,1
295,03/11/2015,2015-11-03 22:33:00,22:33:00,malay,0,2,48,2,0,8,0,8,1,0,0,1,3,10,1,"(47.0, 51.0]",Night,1
296,03/11/2015,2015-11-03 22:42:30,22:42:30,chinese,1,1,54,4,0,0,0,4,1,9,0,1,4,8,0,"(51.0, 55.0]",Night,1
297,03/11/2015,2015-11-03 22:42:30,22:42:30,malay,1,1,42,1,0,0,0,4,0,4,0,1,3,7,0,"(38.0, 42.0]",Night,1
298,03/11/2015,2015-11-03 23:30:29,23:30:29,malay,0,0,35,1,0,3,0,8,1,5,0,1,5,7,0,"(33.0, 38.0]",Night,1
299,03/11/2015,2015-11-03 23:30:29,23:30:29,malay,0,1,40,1,0,10,0,8,1,0,0,1,3,8,0,"(38.0, 42.0]",Night,1
300,03/11/2015,2015-11-03 23:39:34,23:39:34,malay,1,1,37,1,0,8,0,2,1,11,0,0,3,7,0,"(33.0, 38.0]",Night,1
301,03/11/2015,2015-11-03 23:54:41,23:54:41,chinese,1,2,31,1,0,0,0,10,1,5,0,1,4,8,0,"(27.999, 33.0]",Night,1
302,03/11/2015,2015-11-03 23:54:41,23:54:41,malay,0,2,55,1,0,8,0,10,1,0,1,1,6,9,0,"(51.0, 55.0]",Night,1
303,03/11/2015,2015-11-03 23:54:41,23:54:41,chinese,1,2,40,1,0,10,0,10,1,11,1,1,5,7,0,"(38.0, 42.0]",Night,1
304,04/11/2015,2015-11-04 01:21:42,1:21:42,indian,1,2,37,1,0,10,0,0,1,2,0,0,6,9,0,"(33.0, 38.0]",Late Night,2
305,04/11/2015,2015-11-04 01:35:20,1:35:20,foreigner,1,2,30,1,0,10,0,4,1,0,1,1,4,8,0,"(27.999, 33.0]",Late Night,2
306,04/11/2015,2015-11-04 01:56:39,1:56:39,indian,1,1,45,1,1,10,0,0,1,2,0,1,6,10,0,"(42.0, 47.0]",Late Night,2
307,04/11/2015,2015-11-04 02:39:24,2:39:24,foreigner,0,0,28,1,0,3,0,4,1,2,0,1,6,8,0,"(27.999, 33.0]",Late Night,2
308,04/11/2015,2015-11-04 02:39:24,2:39:24,foreigner,0,1,44,1,0,8,0,6,1,5,0,1,4,9,0,"(42.0, 47.0]",Late Night,2
309,04/11/2015,2015-11-04 03:59:41,3:59:41,indian,1,1,33,1,0,7,0,10,1,0,0,1,5,10,1,"(27.999, 33.0]",Late Night,2
310,04/11/2015,2015-11-04 05:40:28,5:40:28,malay,1,1,32,1,0,8,0,10,1,5,1,0,5,9,0,"(27.999, 33.0]",Early Morning,2
311,04/11/2015,2015-11-04 07:25:24,7:25:24,malay,1,2,37,1,1,10,0,10,1,0,0,1,4,9,0,"(33.0, 38.0]",Early Morning,2
312,04/11/2015,2015-11-04 07:51:40,7:51:40,malay,1,1,39,1,0,1,0,0,1,0,0,1,6,9,0,"(38.0, 42.0]",Early Morning,2
313,04/11/2015,2015-11-04 08:47:54,8:47:54,indian,1,1,35,1,0,1,1,10,1,3,0,1,6,9,0,"(33.0, 38.0]",Early Morning,2
314,04/11/2015,2015-11-04 09:12:22,9:12:22,indian,0,0,36,1,0,1,2,8,1,11,0,1,6,10,0,"(33.0, 38.0]",Morning,2
315,04/11/2015,2015-11-04 09:51:50,9:51:50,malay,0,2,40,2,0,1,2,6,0,7,0,1,5,9,0,"(38.0, 42.0]",Morning,2
316,04/11/2015,2015-11-04 10:00:57,10:00:57,malay,0,2,48,1,0,0,0,10,1,2,0,1,6,8,0,"(47.0, 51.0]",Morning,2
317,04/11/2015,2015-11-04 10:00:57,10:00:57,chinese,0,2,51,1,0,1,0,10,1,3,1,1,4,9,0,"(47.0, 51.0]",Morning,2
318,04/11/2015,2015-11-04 10:01:50,10:01:50,malay,1,2,28,2,0,10,0,10,1,0,1,1,3,7,1,"(27.999, 33.0]",Morning,2
319,04/11/2015,2015-11-04 10:29:45,10:29:45,malay,1,2,44,1,0,0,1,10,1,0,0,1,3,10,0,"(42.0, 47.0]",Morning,2
320,04/11/2015,2015-11-04 11:41:09,11:41:09,indian,0,2,34,1,0,8,0,3,1,0,0,0,6,8,0,"(33.0, 38.0]",Morning,2
321,04/11/2015,2015-11-04 11:58:34,11:58:34,indian,1,1,49,1,0,10,0,10,1,2,0,0,6,9,0,"(47.0, 51.0]",Morning,2
322,04/11/2015,2015-11-04 12:06:55,12:06:55,indian,1,1,48,1,0,10,1,8,1,0,0,1,4,7,0,"(47.0, 51.0]",Morning,2
323,04/11/2015,2015-11-04 12:07:35,12:07:35,indian,1,1,53,1,0,10,0,10,1,0,0,1,4,9,0,"(51.0, 55.0]",Morning,2
324,05/11/2015,2015-11-05 15:26:15,15:26:15,indian,1,1,46,1,0,1,0,3,1,2,0,1,4,7,0,"(42.0, 47.0]",Afternoon,3
325,05/11/2015,2015-11-05 15:38:39,15:38:39,indian,1,0,47,1,0,1,0,7,1,5,0,1,5,9,0,"(42.0, 47.0]",Afternoon,3
326,05/11/2015,2015-11-05 15:47:02,15:47:02,malay,1,1,55,1,0,2,0,8,1,4,1,1,6,7,1,"(51.0, 55.0]",Afternoon,3
327,05/11/2015,2015-11-05 15:52:08,15:52:08,malay,0,2,37,1,0,10,0,0,0,1,0,1,5,10,0,"(33.0, 38.0]",Afternoon,3
328,15/11/2015,2015-11-15 06:29:49,6:29:49,chinese,1,2,37,1,0,1,0,0,1,3,0,1,4,7,0,"(33.0, 38.0]",Early Morning,6
329,15/11/2015,2015-11-15 07:09:32,7:09:32,indian,1,1,31,1,0,8,0,3,1,5,0,1,6,7,0,"(27.999, 33.0]",Early Morning,6
330,15/11/2015,2015-11-15 07:27:03,7:27:03,foreigner,0,1,42,1,1,1,2,8,0,9,0,1,6,9,0,"(38.0, 42.0]",Early Morning,6
331,15/11/2015,2015-11-15 07:29:00,7:29:00,foreigner,0,2,46,1,0,8,2,3,0,4,0,1,5,10,0,"(42.0, 47.0]",Early Morning,6
332,15/11/2015,2015-11-15 08:00:24,8:00:24,malay,1,0,50,4,0,10,2,10,0,11,0,1,3,7,0,"(47.0, 51.0]",Early Morning,6
333,15/11/2015,2015-11-15 08:08:58,8:08:58,chinese,1,0,51,4,0,10,0,8,1,5,0,0,4,9,1,"(47.0, 51.0]",Early Morning,6
334,15/11/2015,2015-11-15 08:23:09,8:23:09,indian,1,2,30,1,0,10,0,10,1,5,1,1,5,7,0,"(27.999, 33.0]",Early Morning,6
335,15/11/2015,2015-11-15 08:23:09,8:23:09,malay,1,1,47,1,0,6,0,0,1,3,0,1,5,8,0,"(42.0, 47.0]",Early Morning,6
336,15/11/2015,2015-11-15 08:39:05,8:39:05,foreigner,1,1,33,1,0,10,0,1,1,5,0,1,6,7,0,"(27.999, 33.0]",Early Morning,6
337,15/11/2015,2015-11-15 09:04:26,9:04:26,malay,0,1,29,0,0,6,0,0,1,2,0,1,4,8,0,"(27.999, 33.0]",Morning,6
338,15/11/2015,2015-11-15 09:22:56,9:22:56,indian,0,2,54,1,0,10,0,0,1,2,1,1,3,8,0,"(51.0, 55.0]",Morning,6
339,15/11/2015,2015-11-15 09:23:33,9:23:33,indian,1,1,35,1,0,3,0,10,1,0,1,1,3,8,0,"(33.0, 38.0]",Morning,6
340,15/11/2015,2015-11-15 09:38:17,9:38:17,malay,0,1,45,2,0,2,0,0,1,2,0,1,5,9,0,"(42.0, 47.0]",Morning,6
341,15/11/2015,2015-11-15 09:58:59,9:58:59,chinese,1,2,53,1,0,10,0,10,1,0,0,1,4,10,0,"(51.0, 55.0]",Morning,6
342,15/11/2015,2015-11-15 09:58:59,9:58:59,malay,0,2,48,1,0,0,0,8,1,0,0,1,3,7,0,"(47.0, 51.0]",Morning,6
343,15/11/2015,2015-11-15 10:26:01,10:26:01,indian,0,2,36,1,0,0,1,8,0,0,0,0,3,7,0,"(33.0, 38.0]",Morning,6
344,15/11/2015,2015-11-15 10:49:03,10:49:03,chinese,1,1,45,1,0,8,0,4,1,0,1,1,4,9,0,"(42.0, 47.0]",Morning,6
345,15/11/2015,2015-11-15 10:53:52,10:53:52,chinese,1,0,41,1,0,3,0,4,1,3,1,1,5,9,1,"(38.0, 42.0]",Morning,6
346,15/11/2015,2015-11-15 10:58:57,10:58:57,malay,0,2,54,2,0,10,0,0,0,0,0,1,6,8,0,"(51.0, 55.0]",Morning,6
347,15/11/2015,2015-11-15 10:58:57,10:58:57,indian,1,2,35,1,0,3,0,4,1,5,0,0,3,8,1,"(33.0, 38.0]",Morning,6
348,15/11/2015,2015-11-15 11:25:15,11:25:15,indian,0,1,46,4,0,8,0,10,1,8,1,1,3,8,0,"(42.0, 47.0]",Morning,6
349,15/11/2015,2015-11-15 11:28:47,11:28:47,indian,0,2,53,0,0,8,0,10,1,0,0,1,4,8,0,"(51.0, 55.0]",Morning,6
350,15/11/2015,2015-11-15 11:32:19,11:32:19,malay,0,0,38,1,0,8,0,10,1,0,0,1,6,10,0,"(33.0, 38.0]",Morning,6
351,15/11/2015,2015-11-15 11:59:28,11:59:28,indian,1,1,39,1,0,1,0,6,1,11,1,1,5,10,1,"(38.0, 42.0]",Morning,6
352,15/11/2015,2015-11-15 12:00:15,12:00:15,malay,0,0,32,2,0,8,2,10,0,0,0,1,3,10,0,"(27.999, 33.0]",Morning,6
353,15/11/2015,2015-11-15 12:19:53,12:19:53,chinese,1,1,37,1,0,10,0,0,1,2,0,1,6,9,0,"(33.0, 38.0]",Morning,6
354,15/11/2015,2015-11-15 12:19:53,12:19:53,indian,1,1,53,1,0,5,0,10,1,5,1,0,5,8,0,"(51.0, 55.0]",Morning,6
355,15/11/2015,2015-11-15 12:19:53,12:19:53,chinese,1,2,53,1,0,11,0,0,1,3,0,1,5,7,0,"(51.0, 55.0]",Morning,6
356,15/11/2015,2015-11-15 12:52:04,12:52:04,chinese,1,2,48,2,0,11,0,0,1,0,0,1,5,9,0,"(47.0, 51.0]",Morning,6
357,15/11/2015,2015-11-15 13:11:03,13:11:03,malay,1,0,50,4,0,10,0,2,1,2,0,0,4,7,0,"(47.0, 51.0]",Afternoon,6
358,15/11/2015,2015-11-15 13:37:39,13:37:39,indian,1,2,53,1,0,1,0,0,1,5,0,1,4,10,0,"(51.0, 55.0]",Afternoon,6
359,15/11/2015,2015-11-15 13:38:37,13:38:37,malay,0,0,49,1,0,11,0,7,0,4,0,1,3,10,0,"(47.0, 51.0]",Afternoon,6
360,15/11/2015,2015-11-15 13:56:02,13:56:02,indian,1,2,41,4,0,5,1,8,1,5,0,1,6,10,0,"(38.0, 42.0]",Afternoon,6
361,15/11/2015,2015-11-15 13:56:27,13:56:27,indian,1,1,30,1,0,10,0,7,1,2,0,0,5,8,1,"(27.999, 33.0]",Afternoon,6
362,15/11/2015,2015-11-15 14:20:40,14:20:40,chinese,0,2,54,0,0,10,0,8,1,0,0,0,6,8,0,"(51.0, 55.0]",Afternoon,6
363,15/11/2015,2015-11-15 14:37:49,14:37:49,malay,1,2,50,4,0,1,0,10,1,2,0,1,4,8,0,"(47.0, 51.0]",Afternoon,6
364,15/11/2015,2015-11-15 14:49:07,14:49:07,indian,0,2,35,1,0,1,0,1,1,1,1,0,6,10,0,"(33.0, 38.0]",Afternoon,6
365,15/11/2015,2015-11-15 14:49:07,14:49:07,indian,0,2,46,1,0,10,0,8,1,0,1,1,4,10,0,"(42.0, 47.0]",Afternoon,6
366,15/11/2015,2015-11-15 14:54:24,14:54:24,indian,1,2,51,1,0,1,0,0,0,3,0,1,3,7,0,"(47.0, 51.0]",Afternoon,6
367,15/11/2015,2015-11-15 14:57:02,14:57:02,chinese,0,1,30,1,0,1,0,10,1,5,0,0,3,7,0,"(27.999, 33.0]",Afternoon,6
368,23/11/2015,2015-11-23 16:05:10,16:05:10,malay,0,1,40,4,0,7,0,6,1,5,0,1,3,7,0,"(38.0, 42.0]",Afternoon,0
369,23/11/2015,2015-11-23 16:09:19,16:09:19,malay,0,0,42,4,0,3,0,10,1,11,0,1,3,8,0,"(38.0, 42.0]",Afternoon,0
370,23/11/2015,2015-11-23 16:35:09,16:35:09,malay,1,1,54,2,0,6,0,1,1,2,0,1,4,7,0,"(51.0, 55.0]",Afternoon,0
371,23/11/2015,2015-11-23 17:17:00,17:17:00,malay,0,0,54,4,0,8,0,2,0,2,0,1,6,10,0,"(51.0, 55.0]",Evening,0
372,23/11/2015,2015-11-23 17:34:57,17:34:57,indian,1,0,48,1,0,11,0,11,1,0,0,1,4,7,0,"(47.0, 51.0]",Evening,0
373,23/11/2015,2015-11-23 17:36:07,17:36:07,indian,1,1,46,1,0,6,0,1,1,2,0,0,3,8,0,"(42.0, 47.0]",Evening,0
374,23/11/2015,2015-11-23 17:48:01,17:48:01,chinese,1,0,45,1,0,3,0,0,1,2,0,1,5,10,0,"(42.0, 47.0]",Evening,0
375,23/11/2015,2015-11-23 17:48:01,17:48:01,malay,0,1,45,1,1,10,1,2,0,1,0,1,4,9,0,"(42.0, 47.0]",Evening,0
376,23/11/2015,2015-11-23 19:14:05,19:14:05,foreigner,0,2,49,1,0,0,2,0,0,0,0,1,4,8,0,"(47.0, 51.0]",Evening,0
377,23/11/2015,2015-11-23 19:14:05,19:14:05,foreigner,0,2,36,1,0,8,2,0,0,0,0,1,5,9,0,"(33.0, 38.0]",Evening,0
378,23/11/2015,2015-11-23 19:21:16,19:21:16,chinese,1,0,32,1,0,3,0,0,1,11,1,1,4,7,1,"(27.999, 33.0]",Evening,0
379,23/11/2015,2015-11-23 20:06:27,20:06:27,indian,1,1,30,1,0,3,0,0,1,3,1,1,6,7,0,"(27.999, 33.0]",Evening,0
380,23/11/2015,2015-11-23 20:09:49,20:09:49,indian,1,0,51,1,0,10,0,8,1,4,0,1,6,10,0,"(47.0, 51.0]",Evening,0
381,23/11/2015,2015-11-23 20:09:49,20:09:49,indian,1,2,33,1,0,0,0,1,1,5,1,1,4,10,0,"(27.999, 33.0]",Evening,0
382,23/11/2015,2015-11-23 20:09:49,20:09:49,malay,0,1,28,1,0,10,0,2,0,0,0,1,3,7,0,"(27.999, 33.0]",Evening,0
383,23/11/2015,2015-11-23 20:11:02,20:11:02,chinese,1,2,50,1,0,3,0,10,1,3,1,1,5,9,1,"(47.0, 51.0]",Evening,0
384,23/11/2015,2015-11-23 20:43:44,20:43:44,indian,1,0,53,1,0,8,0,10,1,0,0,1,4,10,0,"(51.0, 55.0]",Evening,0
385,23/11/2015,2015-11-23 20:47:06,20:47:06,foreigner,1,0,52,1,0,10,0,5,1,3,0,0,3,10,0,"(51.0, 55.0]",Evening,0
386,23/11/2015,2015-11-23 20:47:06,20:47:06,malay,0,2,33,1,0,8,2,7,0,8,0,1,4,8,1,"(27.999, 33.0]",Evening,0
387,23/11/2015,2015-11-23 20:47:06,20:47:06,malay,0,2,45,1,0,10,0,0,1,1,0,1,6,7,0,"(42.0, 47.0]",Evening,0
388,23/11/2015,2015-11-23 20:51:47,20:51:47,chinese,1,2,33,4,0,8,0,10,1,1,1,1,3,8,1,"(27.999, 33.0]",Evening,0
389,23/11/2015,2015-11-23 22:16:27,22:16:27,indian,1,1,47,1,0,8,0,10,1,0,0,0,4,8,0,"(42.0, 47.0]",Night,0
390,23/11/2015,2015-11-23 22:52:37,22:52:37,chinese,1,2,31,1,0,8,0,10,1,1,0,1,5,7,0,"(27.999, 33.0]",Night,0
391,23/11/2015,2015-11-23 22:56:54,22:56:54,indian,1,0,44,1,0,8,0,2,1,2,0,1,5,8,0,"(42.0, 47.0]",Night,0
392,23/11/2015,2015-11-23 22:56:54,22:56:54,foreigner,0,0,36,1,0,1,0,4,1,2,0,1,6,10,0,"(33.0, 38.0]",Night,0
393,23/11/2015,2015-11-23 23:05:54,23:05:54,indian,1,0,50,1,0,6,0,3,1,0,1,0,6,8,0,"(47.0, 51.0]",Night,0
394,23/11/2015,2015-11-23 23:22:38,23:22:38,indian,1,2,53,1,0,8,0,1,1,9,1,1,5,7,0,"(51.0, 55.0]",Night,0
395,23/11/2015,2015-11-23 23:22:38,23:22:38,indian,1,1,33,1,0,10,0,3,1,0,0,1,3,7,1,"(27.999, 33.0]",Night,0
396,23/11/2015,2015-11-23 23:29:33,23:29:33,chinese,1,0,45,1,0,8,0,2,1,1,0,1,3,9,0,"(42.0, 47.0]",Night,0
397,24/11/2015,2015-11-24 07:38:23,7:38:23,chinese,1,2,50,4,0,1,1,10,0,0,0,0,5,7,1,"(47.0, 51.0]",Early Morning,1
398,24/11/2015,2015-11-24 09:07:40,9:07:40,foreigner,0,0,36,1,0,6,0,1,1,0,0,1,4,8,0,"(33.0, 38.0]",Morning,1
399,24/11/2015,2015-11-24 10:49:42,10:49:42,indian,1,1,49,1,0,1,0,8,1,0,0,1,6,10,0,"(47.0, 51.0]",Morning,1
400,24/11/2015,2015-11-24 10:49:42,10:49:42,chinese,1,0,55,1,0,0,0,5,0,0,1,1,4,10,0,"(51.0, 55.0]",Morning,1
401,24/11/2015,2015-11-24 11:20:14,11:20:14,indian,1,0,44,1,0,10,0,1,1,0,0,0,4,8,0,"(42.0, 47.0]",Morning,1
402,24/11/2015,2015-11-24 11:26:29,11:26:29,indian,0,0,45,1,0,6,2,10,1,11,0,1,4,10,0,"(42.0, 47.0]",Morning,1
403,24/11/2015,2015-11-24 12:25:41,12:25:41,chinese,0,0,37,1,0,1,0,8,1,8,0,1,4,9,0,"(33.0, 38.0]",Morning,1
404,24/11/2015,2015-11-24 12:49:01,12:49:01,indian,1,0,55,1,0,1,0,0,1,2,1,0,5,10,0,"(51.0, 55.0]",Morning,1
405,24/11/2015,2015-11-24 14:40:25,14:40:25,indian,1,2,54,1,0,3,0,10,1,0,0,1,4,8,0,"(51.0, 55.0]",Afternoon,1
406,24/11/2015,2015-11-24 16:03:37,16:03:37,indian,1,1,30,1,0,10,1,10,1,0,0,1,4,9,1,"(27.999, 33.0]",Afternoon,1
407,24/11/2015,2015-11-24 16:45:13,16:45:13,foreigner,1,1,54,1,0,0,0,3,1,0,0,1,4,9,0,"(51.0, 55.0]",Afternoon,1
408,24/11/2015,2015-11-24 20:13:57,20:13:57,indian,1,2,40,1,0,8,0,4,1,0,0,1,5,8,0,"(38.0, 42.0]",Evening,1
409,24/11/2015,2015-11-24 20:13:57,20:13:57,indian,1,0,34,1,0,3,0,3,1,3,0,1,5,7,0,"(33.0, 38.0]",Evening,1
410,24/11/2015,2015-11-24 20:44:29,20:44:29,chinese,1,0,35,1,0,10,1,10,0,0,0,1,5,9,1,"(33.0, 38.0]",Evening,1
411,24/11/2015,2015-11-24 21:30:58,21:30:58,indian,1,1,52,1,0,1,0,0,1,0,0,1,3,10,1,"(51.0, 55.0]",Night,1
412,24/11/2015,2015-11-24 22:08:41,22:08:41,indian,1,1,39,0,0,3,0,5,1,0,0,1,6,9,0,"(38.0, 42.0]",Night,1
413,24/11/2015,2015-11-24 22:35:22,22:35:22,indian,0,1,43,1,0,3,0,8,1,9,1,1,5,9,0,"(42.0, 47.0]",Night,1
414,24/11/2015,2015-11-24 22:35:22,22:35:22,indian,0,1,44,1,0,1,1,3,1,0,0,1,4,8,0,"(42.0, 47.0]",Night,1
415,25/11/2015,2015-11-25 14:11:15,14:11:15,indian,0,2,40,1,0,1,0,0,1,0,0,0,3,7,0,"(38.0, 42.0]",Afternoon,2
416,25/11/2015,2015-11-25 14:11:15,14:11:15,chinese,1,0,52,1,0,10,0,2,1,11,1,1,4,7,0,"(51.0, 55.0]",Afternoon,2
417,25/11/2015,2015-11-25 15:27:34,15:27:34,indian,0,0,39,1,0,10,0,1,1,0,1,1,4,9,0,"(38.0, 42.0]",Afternoon,2
418,25/11/2015,2015-11-25 16:35:21,16:35:21,indian,0,2,53,1,0,10,0,0,1,3,1,1,6,10,0,"(51.0, 55.0]",Afternoon,2
419,25/11/2015,2015-11-25 16:35:21,16:35:21,indian,1,0,31,1,0,8,0,0,1,0,0,1,5,9,0,"(27.999, 33.0]",Afternoon,2
420,25/11/2015,2015-11-25 16:35:21,16:35:21,indian,1,1,32,1,0,8,0,10,1,11,1,1,4,8,0,"(27.999, 33.0]",Afternoon,2
421,25/11/2015,2015-11-25 17:08:33,17:08:33,foreigner,1,2,53,1,0,3,0,1,1,0,0,1,5,10,0,"(51.0, 55.0]",Evening,2
422,25/11/2015,2015-11-25 17:08:33,17:08:33,chinese,0,2,41,1,0,1,0,0,1,0,0,1,5,7,0,"(38.0, 42.0]",Evening,2
423,25/11/2015,2015-11-25 18:07:55,18:07:55,foreigner,0,2,41,1,0,8,0,8,1,6,0,1,4,8,0,"(38.0, 42.0]",Evening,2
424,25/11/2015,2015-11-25 21:25:02,21:25:02,chinese,1,2,36,1,0,1,0,10,1,1,1,1,6,10,0,"(33.0, 38.0]",Night,2
425,25/11/2015,2015-11-25 21:25:02,21:25:02,chinese,1,2,49,1,0,1,0,8,1,0,1,0,5,8,0,"(47.0, 51.0]",Night,2
426,25/11/2015,2015-11-25 21:58:23,21:58:23,indian,0,1,50,1,0,1,0,0,1,1,1,1,3,9,1,"(47.0, 51.0]",Night,2
427,25/11/2015,2015-11-25 21:58:23,21:58:23,indian,0,0,32,1,0,10,0,0,1,1,1,1,5,8,0,"(27.999, 33.0]",Night,2
428,25/11/2015,2015-11-25 21:59:20,21:59:20,chinese,0,1,53,1,0,10,0,10,1,9,1,1,6,10,0,"(51.0, 55.0]",Night,2
429,25/11/2015,2015-11-25 22:30:03,22:30:03,indian,1,0,40,1,0,1,0,0,1,0,0,1,6,10,0,"(38.0, 42.0]",Night,2
430,25/11/2015,2015-11-25 22:30:03,22:30:03,chinese,1,2,49,1,0,10,0,1,1,0,1,1,3,7,0,"(47.0, 51.0]",Night,2
431,25/11/2015,2015-11-25 22:33:38,22:33:38,foreigner,0,2,47,1,0,8,0,10,0,0,0,1,6,8,0,"(42.0, 47.0]",Night,2
432,25/11/2015,2015-11-25 22:33:38,22:33:38,chinese,0,1,37,4,0,10,0,3,1,7,1,1,5,7,0,"(33.0, 38.0]",Night,2
433,25/11/2015,2015-11-25 22:41:24,22:41:24,indian,0,0,49,4,0,0,0,0,1,2,0,1,5,7,0,"(47.0, 51.0]",Night,2
434,25/11/2015,2015-11-25 23:00:39,23:00:39,chinese,1,2,44,1,0,10,0,4,1,0,0,1,6,9,0,"(42.0, 47.0]",Night,2
435,26/11/2015,2015-11-26 01:15:45,1:15:45,foreigner,0,1,43,1,0,8,0,10,1,8,1,1,4,7,0,"(42.0, 47.0]",Late Night,3
436,26/11/2015,2015-11-26 01:15:45,1:15:45,foreigner,0,2,47,1,0,8,0,2,1,7,0,1,5,9,0,"(42.0, 47.0]",Late Night,3
437,26/11/2015,2015-11-26 01:41:18,1:41:18,indian,0,2,45,1,0,1,0,10,1,0,0,1,6,10,0,"(42.0, 47.0]",Late Night,3
438,26/11/2015,2015-11-26 03:53:40,3:53:40,chinese,1,2,51,1,0,3,0,5,1,0,0,1,4,9,0,"(47.0, 51.0]",Late Night,3
439,26/11/2015,2015-11-26 07:19:32,7:19:32,foreigner,1,1,48,1,1,10,0,10,1,4,0,1,5,10,0,"(47.0, 51.0]",Early Morning,3
440,26/11/2015,2015-11-26 09:05:04,9:05:04,indian,1,0,37,1,0,1,0,4,1,0,0,1,4,8,1,"(33.0, 38.0]",Morning,3
441,26/11/2015,2015-11-26 09:05:04,9:05:04,foreigner,1,1,33,1,0,10,0,10,1,3,0,1,6,8,0,"(27.999, 33.0]",Morning,3
442,26/11/2015,2015-11-26 10:37:00,10:37:00,indian,1,1,46,1,0,0,0,0,1,5,1,1,5,8,0,"(42.0, 47.0]",Morning,3
443,26/11/2015,2015-11-26 10:37:00,10:37:00,chinese,1,2,28,1,0,10,0,3,2,0,0,1,5,8,0,"(27.999, 33.0]",Morning,3
444,26/11/2015,2015-11-26 12:28:12,12:28:12,indian,1,1,40,4,0,3,0,10,1,0,0,1,6,7,0,"(38.0, 42.0]",Morning,3
445,26/11/2015,2015-11-26 16:46:45,16:46:45,indian,2,0,35,1,0,1,0,2,1,0,1,1,4,10,0,"(33.0, 38.0]",Afternoon,3
446,26/11/2015,2015-11-26 18:07:14,18:07:14,foreigner,1,1,36,1,0,11,0,0,1,11,1,1,5,7,0,"(33.0, 38.0]",Evening,3
447,26/11/2015,2015-11-26 19:08:56,19:08:56,indian,1,0,41,1,0,11,0,5,1,0,0,0,4,7,0,"(38.0, 42.0]",Evening,3
448,26/11/2015,2015-11-26 19:09:25,19:09:25,indian,0,1,34,1,0,1,0,11,1,0,0,1,3,7,0,"(33.0, 38.0]",Evening,3
449,26/11/2015,2015-11-26 19:30:30,19:30:30,chinese,1,0,29,1,2,1,0,4,1,3,1,1,3,7,0,"(27.999, 33.0]",Evening,3
450,26/11/2015,2015-11-26 22:37:33,22:37:33,chinese,1,2,43,1,0,9,0,1,2,9,1,1,5,10,0,"(42.0, 47.0]",Night,3
451,26/11/2015,2015-11-26 22:46:40,22:46:40,malay,0,0,32,1,0,1,0,0,0,0,0,1,3,7,0,"(27.999, 33.0]",Night,3
452,26/11/2015,2015-11-26 23:04:09,23:04:09,foreigner,1,1,44,1,0,7,0,4,1,0,0,1,6,10,0,"(42.0, 47.0]",Night,3
453,26/11/2015,2015-11-26 23:13:56,23:13:56,chinese,0,2,47,1,0,10,1,8,0,1,0,1,6,8,1,"(42.0, 47.0]",Night,3
454,26/11/2015,2015-11-26 23:21:09,23:21:09,indian,1,1,45,1,0,1,0,0,1,0,0,0,3,7,0,"(42.0, 47.0]",Night,3
455,26/11/2015,2015-11-26 23:32:17,23:32:17,malay,0,0,45,1,0,1,0,1,1,0,0,1,4,10,0,"(42.0, 47.0]",Night,3
456,26/11/2015,2015-11-26 23:32:17,23:32:17,malay,0,2,54,1,0,8,0,4,0,0,0,1,4,9,0,"(51.0, 55.0]",Night,3
457,27/11/2015,2015-11-27 08:26:31,8:26:31,chinese,0,1,49,1,0,3,0,5,1,2,1,1,4,10,0,"(47.0, 51.0]",Early Morning,4
458,27/11/2015,2015-11-27 08:45:29,8:45:29,malay,0,2,34,1,0,4,0,10,1,0,0,1,3,8,0,"(33.0, 38.0]",Early Morning,4
459,27/11/2015,2015-11-27 08:55:52,8:55:52,chinese,1,2,44,1,0,10,1,10,1,1,0,1,4,9,0,"(42.0, 47.0]",Early Morning,4
460,27/11/2015,2015-11-27 08:55:52,8:55:52,chinese,0,1,53,1,0,10,0,2,1,2,1,1,4,7,0,"(51.0, 55.0]",Early Morning,4
461,27/11/2015,2015-11-27 09:15:51,9:15:51,indian,1,2,33,1,0,8,0,8,1,9,0,1,6,8,0,"(27.999, 33.0]",Morning,4
462,27/11/2015,2015-11-27 09:15:51,9:15:51,indian,1,2,36,1,0,8,0,8,1,4,1,1,5,10,0,"(33.0, 38.0]",Morning,4
463,27/11/2015,2015-11-27 09:15:51,9:15:51,indian,1,2,53,1,0,4,0,10,1,9,1,1,6,10,0,"(51.0, 55.0]",Morning,4
464,27/11/2015,2015-11-27 10:22:32,10:22:32,malay,0,1,47,1,0,10,0,10,1,2,0,1,6,10,0,"(42.0, 47.0]",Morning,4
465,27/11/2015,2015-11-27 11:35:02,11:35:02,foreigner,0,2,34,1,0,10,0,0,1,4,0,1,6,10,0,"(33.0, 38.0]",Morning,4
466,27/11/2015,2015-11-27 11:35:02,11:35:02,foreigner,0,1,54,1,0,10,0,11,0,1,0,0,4,9,0,"(51.0, 55.0]",Morning,4
467,27/11/2015,2015-11-27 12:25:06,12:25:06,chinese,1,1,52,1,0,11,2,0,0,0,0,0,4,8,1,"(51.0, 55.0]",Morning,4
468,27/11/2015,2015-11-27 12:37:20,12:37:20,indian,1,1,52,1,1,11,1,8,1,1,0,1,5,9,0,"(51.0, 55.0]",Morning,4
469,27/11/2015,2015-11-27 12:48:06,12:48:06,chinese,1,2,38,2,0,1,0,8,1,3,0,1,4,7,0,"(33.0, 38.0]",Morning,4
470,27/11/2015,2015-11-27 13:25:50,13:25:50,chinese,0,0,53,1,0,8,0,2,0,9,0,1,3,9,0,"(51.0, 55.0]",Afternoon,4
471,27/11/2015,2015-11-27 13:28:59,13:28:59,indian,0,2,30,1,0,1,0,1,1,8,1,1,5,9,0,"(27.999, 33.0]",Afternoon,4
472,27/11/2015,2015-11-27 14:33:44,14:33:44,indian,1,1,49,1,0,1,0,3,1,0,0,1,5,8,0,"(47.0, 51.0]",Afternoon,4
473,27/11/2015,2015-11-27 14:48:42,14:48:42,indian,1,1,41,1,0,10,0,1,1,0,0,0,4,10,0,"(38.0, 42.0]",Afternoon,4
474,27/11/2015,2015-11-27 14:48:42,14:48:42,indian,1,1,55,1,0,1,0,0,1,5,0,1,6,7,0,"(51.0, 55.0]",Afternoon,4
475,27/11/2015,2015-11-27 14:48:42,14:48:42,chinese,0,0,32,1,0,1,0,2,0,0,0,0,3,7,0,"(27.999, 33.0]",Afternoon,4
476,27/11/2015,2015-11-27 15:25:31,15:25:31,chinese,1,1,35,1,0,10,0,11,1,0,1,1,3,9,0,"(33.0, 38.0]",Afternoon,4
477,27/11/2015,2015-11-27 15:25:31,15:25:31,foreigner,1,1,37,1,0,1,0,3,1,0,0,0,6,8,1,"(33.0, 38.0]",Afternoon,4
478,27/11/2015,2015-11-27 15:25:31,15:25:31,chinese,1,2,49,1,0,10,0,1,1,0,0,1,3,8,1,"(47.0, 51.0]",Afternoon,4
479,27/11/2015,2015-11-27 16:58:42,16:58:42,chinese,1,2,53,1,0,10,0,1,1,0,0,1,6,8,0,"(51.0, 55.0]",Afternoon,4
480,27/11/2015,2015-11-27 16:58:42,16:58:42,chinese,1,2,53,1,0,5,0,10,1,2,0,0,6,8,1,"(51.0, 55.0]",Afternoon,4
481,27/11/2015,2015-11-27 17:03:52,17:03:52,chinese,1,2,43,1,0,8,0,0,1,5,1,1,5,9,0,"(42.0, 47.0]",Evening,4
482,27/11/2015,2015-11-27 17:25:34,17:25:34,malay,1,1,32,1,0,8,0,10,1,2,0,0,3,7,0,"(27.999, 33.0]",Evening,4
483,27/11/2015,2015-11-27 17:30:51,17:30:51,chinese,1,2,28,1,0,8,0,0,1,0,1,0,6,9,1,"(27.999, 33.0]",Evening,4
484,27/11/2015,2015-11-27 17:30:51,17:30:51,indian,0,1,42,1,0,10,0,10,1,0,0,0,3,7,0,"(38.0, 42.0]",Evening,4
485,27/11/2015,2015-11-27 17:30:51,17:30:51,indian,0,1,49,1,0,0,0,0,1,4,1,0,3,7,0,"(47.0, 51.0]",Evening,4
486,27/11/2015,2015-11-27 17:59:15,17:59:15,malay,0,2,29,1,0,1,2,0,0,0,0,0,3,10,0,"(27.999, 33.0]",Evening,4
487,27/11/2015,2015-11-27 18:05:15,18:05:15,indian,1,0,47,1,0,10,0,10,1,5,1,1,5,10,0,"(42.0, 47.0]",Evening,4
488,27/11/2015,2015-11-27 18:05:15,18:05:15,indian,0,1,28,1,0,1,0,10,0,0,0,0,3,7,0,"(27.999, 33.0]",Evening,4
489,27/11/2015,2015-11-27 18:40:46,18:40:46,chinese,1,2,49,1,0,10,1,10,1,0,0,1,4,10,0,"(47.0, 51.0]",Evening,4
490,27/11/2015,2015-11-27 18:40:46,18:40:46,chinese,0,1,36,1,0,0,0,0,1,5,0,1,6,7,0,"(33.0, 38.0]",Evening,4
491,27/11/2015,2015-11-27 18:52:40,18:52:40,chinese,1,1,39,1,0,1,0,10,1,1,0,0,3,9,1,"(38.0, 42.0]",Evening,4
492,27/11/2015,2015-11-27 19:20:57,19:20:57,indian,0,2,38,1,0,2,0,0,1,5,0,0,6,9,0,"(33.0, 38.0]",Evening,4
493,27/11/2015,2015-11-27 19:20:57,19:20:57,chinese,1,1,49,1,0,10,0,10,1,0,0,1,4,8,0,"(47.0, 51.0]",Evening,4
494,27/11/2015,2015-11-27 20:08:45,20:08:45,foreigner,0,1,35,1,0,8,0,8,0,0,0,1,4,7,0,"(33.0, 38.0]",Evening,4
495,27/11/2015,2015-11-27 20:08:45,20:08:45,foreigner,0,0,32,1,0,10,0,10,0,9,0,1,3,10,0,"(27.999, 33.0]",Evening,4
496,27/11/2015,2015-11-27 20:29:06,20:29:06,indian,0,2,47,1,0,6,0,0,1,0,0,1,4,9,0,"(42.0, 47.0]",Evening,4
497,27/11/2015,2015-11-27 20:30:58,20:30:58,indian,0,0,51,1,0,6,0,10,1,0,0,1,5,8,0,"(47.0, 51.0]",Evening,4
498,27/11/2015,2015-11-27 20:42:26,20:42:26,chinese,0,2,46,1,0,0,0,10,1,2,0,1,6,9,0,"(42.0, 47.0]",Evening,4
499,27/11/2015,2015-11-27 20:44:46,20:44:46,foreigner,0,2,41,4,0,6,0,10,1,2,0,1,3,10,0,"(38.0, 42.0]",Evening,4
500,27/11/2015,2015-11-27 21:03:10,21:03:10,chinese,0,1,28,4,0,8,0,0,1,0,0,1,5,7,1,"(27.999, 33.0]",Night,4
501,27/11/2015,2015-11-27 21:10:54,21:10:54,foreigner,1,2,36,4,0,10,2,1,0,1,0,1,3,8,0,"(33.0, 38.0]",Night,4
502,27/11/2015,2015-11-27 21:15:59,21:15:59,malay,0,0,51,2,0,6,0,8,1,0,0,0,5,10,1,"(47.0, 51.0]",Night,4
503,27/11/2015,2015-11-27 21:15:59,21:15:59,malay,0,0,29,4,0,6,2,4,0,5,0,0,6,9,1,"(27.999, 33.0]",Night,4
504,27/11/2015,2015-11-27 21:15:59,21:15:59,chinese,1,1,44,1,0,8,0,11,1,2,0,1,6,8,0,"(42.0, 47.0]",Night,4
505,27/11/2015,2015-11-27 21:15:59,21:15:59,chinese,1,0,31,1,0,8,0,1,1,0,0,1,3,8,1,"(27.999, 33.0]",Night,4
506,27/11/2015,2015-11-27 21:27:10,21:27:10,indian,0,0,52,4,0,6,0,10,1,0,0,0,4,10,0,"(51.0, 55.0]",Night,4
507,27/11/2015,2015-11-27 21:27:10,21:27:10,indian,0,1,32,2,0,6,0,0,1,0,0,1,3,10,0,"(27.999, 33.0]",Night,4
508,27/11/2015,2015-11-27 21:27:10,21:27:10,indian,0,2,32,1,0,10,0,10,1,2,0,1,3,8,1,"(27.999, 33.0]",Night,4
509,27/11/2015,2015-11-27 21:27:10,21:27:10,malay,0,0,49,4,0,8,0,8,0,0,0,0,3,7,0,"(47.0, 51.0]",Night,4
510,27/11/2015,2015-11-27 21:46:58,21:46:58,malay,0,0,28,2,0,8,2,10,0,11,0,0,6,7,1,"(27.999, 33.0]",Night,4
511,27/11/2015,2015-11-27 21:46:58,21:46:58,malay,0,1,48,4,0,8,0,0,2,5,0,0,5,8,0,"(47.0, 51.0]",Night,4
512,27/11/2015,2015-11-27 22:01:50,22:01:50,chinese,1,0,35,1,0,10,0,0,1,2,0,0,3,7,1,"(33.0, 38.0]",Night,4
513,27/11/2015,2015-11-27 22:32:42,22:32:42,chinese,1,1,38,1,0,8,0,11,1,2,0,1,5,8,0,"(33.0, 38.0]",Night,4
514,27/11/2015,2015-11-27 22:32:42,22:32:42,chinese,1,0,49,1,0,8,0,1,1,0,0,1,3,9,1,"(47.0, 51.0]",Night,4
515,27/11/2015,2015-11-27 22:32:42,22:32:42,indian,0,0,34,4,0,6,0,10,1,0,0,0,3,10,0,"(33.0, 38.0]",Night,4
516,27/11/2015,2015-11-27 22:32:42,22:32:42,indian,0,1,44,2,0,6,0,0,1,0,0,1,3,7,0,"(42.0, 47.0]",Night,4
517,27/11/2015,2015-11-27 22:44:34,22:44:34,chinese,1,1,52,1,0,9,3,3,2,0,0,1,4,8,0,"(51.0, 55.0]",Night,4
518,27/11/2015,2015-11-27 22:49:09,22:49:09,chinese,1,2,50,1,0,10,1,10,1,1,0,1,6,9,0,"(47.0, 51.0]",Night,4
519,27/11/2015,2015-11-27 22:49:09,22:49:09,chinese,0,1,38,1,0,10,0,2,1,2,1,1,4,10,0,"(33.0, 38.0]",Night,4
520,27/11/2015,2015-11-27 22:49:09,22:49:09,indian,1,2,52,1,0,8,0,8,1,9,0,1,6,8,0,"(51.0, 55.0]",Night,4
521,27/11/2015,2015-11-27 22:49:09,22:49:09,indian,1,2,52,1,0,8,0,8,1,4,1,1,5,7,0,"(51.0, 55.0]",Night,4
522,27/11/2015,2015-11-27 22:49:09,22:49:09,indian,1,2,50,1,0,4,0,10,1,9,1,1,6,10,0,"(47.0, 51.0]",Night,4
523,27/11/2015,2015-11-27 22:58:50,22:58:50,foreigner,0,0,51,1,2,9,0,0,0,0,0,0,5,9,0,"(47.0, 51.0]",Night,4
524,27/11/2015,2015-11-27 22:58:50,22:58:50,indian,0,1,52,1,0,1,0,10,1,11,0,1,5,7,1,"(51.0, 55.0]",Night,4
525,27/11/2015,2015-11-27 23:17:24,23:17:24,foreigner,1,1,32,1,0,1,0,8,1,0,1,1,3,9,0,"(27.999, 33.0]",Night,4
526,27/11/2015,2015-11-27 23:17:24,23:17:24,chinese,1,2,29,1,0,7,0,4,1,3,1,0,5,9,1,"(27.999, 33.0]",Night,4
527,27/11/2015,2015-11-27 23:23:43,23:23:43,indian,1,1,29,1,0,7,0,3,1,0,1,0,5,9,0,"(27.999, 33.0]",Night,4
528,27/11/2015,2015-11-27 23:23:43,23:23:43,foreigner,0,1,47,4,0,1,0,0,1,0,0,1,5,8,0,"(42.0, 47.0]",Night,4
529,27/11/2015,2015-11-27 23:48:28,23:48:28,indian,1,0,40,2,0,1,1,0,1,0,0,1,6,7,0,"(38.0, 42.0]",Night,4
530,27/11/2015,2015-11-27 23:50:39,23:50:39,chinese,0,1,31,4,0,10,0,3,1,7,1,1,3,7,0,"(27.999, 33.0]",Night,4
531,27/11/2015,2015-11-27 23:50:39,23:50:39,indian,0,0,44,4,0,0,0,0,1,2,0,1,6,7,0,"(42.0, 47.0]",Night,4
532,27/11/2015,2015-11-27 23:50:39,23:50:39,chinese,1,2,54,1,0,10,0,4,1,0,0,1,6,8,0,"(51.0, 55.0]",Night,4
533,27/11/2015,2015-11-27 23:50:39,23:50:39,foreigner,0,1,28,1,0,8,0,10,1,8,1,1,4,8,0,"(27.999, 33.0]",Night,4
534,27/11/2015,2015-11-27 23:56:22,23:56:22,foreigner,0,2,34,1,0,8,0,2,1,7,0,1,5,10,0,"(33.0, 38.0]",Night,4
535,27/11/2015,2015-11-27 23:56:22,23:56:22,indian,0,2,36,1,0,1,0,10,1,0,0,1,6,10,0,"(33.0, 38.0]",Night,4
536,27/11/2015,2015-11-27 23:56:22,23:56:22,chinese,1,2,43,1,0,3,0,5,1,0,0,1,5,9,0,"(42.0, 47.0]",Night,4
537,28/11/2015,2015-11-28 00:04:53,0:04:53,chinese,0,1,29,1,0,3,0,8,1,0,0,0,3,7,0,"(27.999, 33.0]",Late Night,5
538,28/11/2015,2015-11-28 00:12:04,0:12:04,indian,0,1,30,1,0,3,0,8,1,9,1,1,3,9,0,"(27.999, 33.0]",Late Night,5
539,28/11/2015,2015-11-28 00:12:04,0:12:04,indian,0,1,46,1,0,1,1,3,1,0,0,1,4,9,0,"(42.0, 47.0]",Late Night,5
540,28/11/2015,2015-11-28 00:12:04,0:12:04,indian,0,2,39,1,0,1,0,0,1,0,0,0,6,7,0,"(38.0, 42.0]",Late Night,5
541,28/11/2015,2015-11-28 00:12:04,0:12:04,chinese,1,0,55,1,0,10,3,2,1,11,1,1,4,9,0,"(51.0, 55.0]",Late Night,5
542,28/11/2015,2015-11-28 00:21:35,0:21:35,indian,0,0,43,1,0,10,0,1,1,0,1,1,3,9,0,"(42.0, 47.0]",Late Night,5
543,28/11/2015,2015-11-28 00:21:35,0:21:35,indian,0,2,29,1,0,10,0,0,1,3,1,1,6,9,0,"(27.999, 33.0]",Late Night,5
544,28/11/2015,2015-11-28 00:26:07,0:26:07,chinese,1,2,42,1,0,7,0,8,1,11,1,0,6,8,0,"(38.0, 42.0]",Late Night,5
545,28/11/2015,2015-11-28 00:47:29,0:47:29,chinese,1,2,55,2,0,11,0,0,1,0,0,1,4,9,0,"(51.0, 55.0]",Late Night,5
546,28/11/2015,2015-11-28 00:47:29,0:47:29,indian,1,2,40,1,0,1,0,0,1,5,0,1,6,10,0,"(38.0, 42.0]",Late Night,5
547,28/11/2015,2015-11-28 00:47:29,0:47:29,malay,0,0,36,1,0,11,0,7,0,4,0,1,3,9,0,"(33.0, 38.0]",Late Night,5
548,28/11/2015,2015-11-28 00:53:14,0:53:14,indian,1,2,37,4,0,5,1,8,1,5,0,1,6,9,0,"(33.0, 38.0]",Late Night,5
549,28/11/2015,2015-11-28 00:53:14,0:53:14,indian,1,1,38,1,0,10,0,7,1,2,0,0,6,8,1,"(33.0, 38.0]",Late Night,5
550,28/11/2015,2015-11-28 00:53:14,0:53:14,chinese,0,2,36,0,0,10,0,8,1,0,0,0,3,8,0,"(33.0, 38.0]",Late Night,5
551,28/11/2015,2015-11-28 01:07:40,1:07:40,malay,1,2,48,1,1,10,0,0,1,0,0,1,4,9,0,"(47.0, 51.0]",Late Night,5
552,28/11/2015,2015-11-28 01:07:40,1:07:40,chinese,1,1,35,1,0,10,0,10,1,0,0,1,3,10,1,"(33.0, 38.0]",Late Night,5
553,28/11/2015,2015-11-28 01:46:27,1:46:27,indian,1,2,41,1,0,0,0,0,1,0,0,0,4,7,1,"(38.0, 42.0]",Late Night,5
554,28/11/2015,2015-11-28 01:46:27,1:46:27,indian,0,0,53,1,0,1,2,8,1,11,0,1,5,10,0,"(51.0, 55.0]",Late Night,5
555,28/11/2015,2015-11-28 01:46:27,1:46:27,chinese,0,1,44,1,0,10,0,10,1,9,1,1,6,10,0,"(42.0, 47.0]",Late Night,5
556,28/11/2015,2015-11-28 01:54:34,1:54:34,chinese,0,2,46,1,0,4,0,0,1,11,1,1,5,9,1,"(42.0, 47.0]",Late Night,5
557,28/11/2015,2015-11-28 01:54:34,1:54:34,indian,1,0,29,1,0,10,0,10,1,11,0,1,3,7,1,"(27.999, 33.0]",Late Night,5
558,28/11/2015,2015-11-28 03:15:41,3:15:41,foreigner,1,0,42,1,0,8,0,8,1,0,0,0,6,7,0,"(38.0, 42.0]",Late Night,5
559,28/11/2015,2015-11-28 04:34:53,4:34:53,chinese,0,1,39,1,0,6,0,6,1,7,0,1,5,10,1,"(38.0, 42.0]",Late Night,5
560,28/11/2015,2015-11-28 04:36:53,4:36:53,chinese,0,1,37,1,0,3,0,8,1,0,0,0,6,7,0,"(33.0, 38.0]",Late Night,5
561,28/11/2015,2015-11-28 04:36:53,4:36:53,indian,0,1,49,1,0,3,0,8,1,9,1,1,3,9,0,"(47.0, 51.0]",Late Night,5
562,28/11/2015,2015-11-28 04:36:53,4:36:53,indian,0,1,43,1,0,1,1,3,1,0,0,1,4,10,0,"(42.0, 47.0]",Late Night,5
563,28/11/2015,2015-11-28 04:39:27,4:39:27,chinese,1,2,42,1,0,8,0,0,0,2,0,1,4,8,0,"(38.0, 42.0]",Late Night,5
564,28/11/2015,2015-11-28 04:39:27,4:39:27,indian,1,2,54,1,0,10,0,1,1,2,0,0,5,7,0,"(51.0, 55.0]",Late Night,5
565,28/11/2015,2015-11-28 05:18:18,5:18:18,indian,1,1,49,1,0,3,0,1,1,0,1,1,6,10,0,"(47.0, 51.0]",Early Morning,5
566,28/11/2015,2015-11-28 05:40:34,5:40:34,chinese,0,2,51,1,0,8,0,0,0,2,0,1,4,8,0,"(47.0, 51.0]",Early Morning,5
567,28/11/2015,2015-11-28 08:13:33,8:13:33,chinese,1,0,53,1,0,8,0,1,1,0,0,1,6,10,0,"(51.0, 55.0]",Early Morning,5
568,28/11/2015,2015-11-28 08:23:27,8:23:27,indian,1,0,38,4,0,8,0,2,1,2,0,1,3,10,0,"(33.0, 38.0]",Early Morning,5
569,28/11/2015,2015-11-28 08:31:26,8:31:26,indian,1,0,28,1,0,11,0,11,1,2,0,1,3,7,0,"(27.999, 33.0]",Early Morning,5
570,28/11/2015,2015-11-28 08:31:26,8:31:26,indian,1,0,30,1,0,8,0,5,1,5,0,1,4,7,1,"(27.999, 33.0]",Early Morning,5
571,28/11/2015,2015-11-28 08:38:07,8:38:07,chinese,1,1,55,1,0,1,0,10,1,1,1,0,4,8,1,"(51.0, 55.0]",Early Morning,5
572,28/11/2015,2015-11-28 08:59:43,8:59:43,indian,1,0,37,4,0,1,0,8,1,2,0,1,4,10,0,"(33.0, 38.0]",Early Morning,5
573,28/11/2015,2015-11-28 09:01:39,9:01:39,foreigner,1,0,42,1,0,10,0,5,1,3,1,0,5,7,0,"(38.0, 42.0]",Morning,5
574,28/11/2015,2015-11-28 09:01:39,9:01:39,foreigner,1,1,33,1,0,10,0,10,1,2,0,1,3,7,0,"(27.999, 33.0]",Morning,5
575,28/11/2015,2015-11-28 09:07:24,9:07:24,chinese,1,0,36,4,0,5,0,10,1,1,1,1,3,8,1,"(33.0, 38.0]",Morning,5
576,28/11/2015,2015-11-28 09:30:00,9:30:00,malay,0,0,38,2,0,8,0,8,1,5,0,1,3,8,0,"(33.0, 38.0]",Morning,5
577,28/11/2015,2015-11-28 09:30:00,9:30:00,malay,0,1,33,1,0,0,0,4,0,1,0,1,5,7,0,"(27.999, 33.0]",Morning,5
578,28/11/2015,2015-11-28 10:11:49,10:11:49,chinese,1,1,38,1,0,8,0,4,1,0,0,1,6,8,0,"(33.0, 38.0]",Morning,5
579,28/11/2015,2015-11-28 10:29:01,10:29:01,indian,0,1,36,1,0,3,0,0,1,5,0,1,6,10,0,"(33.0, 38.0]",Morning,5
580,28/11/2015,2015-11-28 10:40:32,10:40:32,chinese,1,2,36,1,0,3,0,4,1,0,0,0,6,9,0,"(33.0, 38.0]",Morning,5
581,28/11/2015,2015-11-28 10:47:35,10:47:35,chinese,0,2,53,1,0,10,0,1,1,2,0,0,6,7,1,"(51.0, 55.0]",Morning,5
582,28/11/2015,2015-11-28 11:02:24,11:02:24,malay,0,0,50,1,0,10,0,8,1,5,0,1,6,9,1,"(47.0, 51.0]",Morning,5
583,28/11/2015,2015-11-28 11:02:24,11:02:24,malay,0,0,46,1,0,10,2,8,0,9,0,0,5,7,1,"(42.0, 47.0]",Morning,5
584,28/11/2015,2015-11-28 11:02:30,11:02:30,indian,0,0,37,4,1,10,2,2,1,1,0,1,5,9,0,"(33.0, 38.0]",Morning,5
585,28/11/2015,2015-11-28 11:02:30,11:02:30,indian,0,1,43,0,0,10,0,1,1,3,1,1,3,9,0,"(42.0, 47.0]",Morning,5
586,28/11/2015,2015-11-28 11:02:30,11:02:30,chinese,0,0,48,2,0,8,0,8,1,4,1,1,6,8,0,"(47.0, 51.0]",Morning,5
587,28/11/2015,2015-11-28 11:02:30,11:02:30,indian,0,0,37,4,0,8,0,7,1,0,0,1,4,8,0,"(33.0, 38.0]",Morning,5
588,28/11/2015,2015-11-28 11:02:30,11:02:30,indian,0,1,52,4,0,8,0,10,1,8,1,1,3,7,0,"(51.0, 55.0]",Morning,5
589,28/11/2015,2015-11-28 11:02:30,11:02:30,indian,0,0,39,1,0,10,2,9,1,0,0,0,4,8,0,"(38.0, 42.0]",Morning,5
590,28/11/2015,2015-11-28 11:02:49,11:02:49,chinese,0,1,38,1,0,1,0,10,2,5,0,0,3,7,0,"(33.0, 38.0]",Morning,5
591,28/11/2015,2015-11-28 11:02:49,11:02:49,chinese,0,0,42,1,0,1,0,2,0,0,0,0,6,7,0,"(38.0, 42.0]",Morning,5
592,28/11/2015,2015-11-28 11:02:49,11:02:49,indian,0,1,41,1,0,10,0,10,1,0,0,0,3,10,0,"(38.0, 42.0]",Morning,5
593,28/11/2015,2015-11-28 11:02:49,11:02:49,indian,0,1,47,1,0,0,0,0,1,4,1,0,4,7,0,"(42.0, 47.0]",Morning,5
594,28/11/2015,2015-11-28 11:02:49,11:02:49,indian,0,1,29,1,0,1,0,10,0,0,0,0,3,7,0,"(27.999, 33.0]",Morning,5
595,28/11/2015,2015-11-28 11:03:01,11:03:01,indian,0,0,46,4,0,6,0,10,1,0,0,0,5,10,0,"(42.0, 47.0]",Morning,5
596,28/11/2015,2015-11-28 11:03:01,11:03:01,indian,0,0,36,4,0,6,0,10,1,0,0,0,5,10,0,"(33.0, 38.0]",Morning,5
597,28/11/2015,2015-11-28 11:03:01,11:03:01,chinese,0,1,34,1,0,3,0,8,1,0,0,0,4,7,0,"(33.0, 38.0]",Morning,5
598,28/11/2015,2015-11-28 11:03:01,11:03:01,chinese,0,1,51,1,0,3,0,8,1,0,0,0,4,7,0,"(47.0, 51.0]",Morning,5
599,28/11/2015,2015-11-28 11:03:01,11:03:01,indian,0,1,51,4,0,8,0,10,1,8,1,1,3,7,0,"(47.0, 51.0]",Morning,5
600,28/11/2015,2015-11-28 11:03:57,11:03:57,indian,0,0,44,1,0,10,2,3,1,0,0,0,5,8,0,"(42.0, 47.0]",Morning,5
601,28/11/2015,2015-11-28 11:03:57,11:03:57,chinese,0,1,33,1,0,1,0,10,1,5,0,0,3,7,0,"(27.999, 33.0]",Morning,5
602,28/11/2015,2015-11-28 11:03:57,11:03:57,chinese,0,0,46,1,0,1,0,2,0,0,0,0,5,7,0,"(42.0, 47.0]",Morning,5
603,28/11/2015,2015-11-28 11:03:57,11:03:57,indian,0,0,45,4,1,10,2,2,1,1,0,1,5,10,0,"(42.0, 47.0]",Morning,5
604,28/11/2015,2015-11-28 11:33:31,11:33:31,indian,0,1,45,1,0,3,0,1,1,2,1,1,5,9,1,"(42.0, 47.0]",Morning,5
605,28/11/2015,2015-11-28 12:15:39,12:15:39,indian,0,2,50,4,0,10,0,10,1,0,1,0,5,7,0,"(47.0, 51.0]",Morning,5
606,28/11/2015,2015-11-28 12:22:57,12:22:57,malay,0,1,37,1,0,8,0,8,0,0,0,1,5,8,0,"(33.0, 38.0]",Morning,5
607,28/11/2015,2015-11-28 12:50:13,12:50:13,indian,0,0,40,4,0,0,0,0,1,0,1,1,3,9,1,"(38.0, 42.0]",Morning,5
608,28/11/2015,2015-11-28 12:50:13,12:50:13,foreigner,0,2,44,0,0,3,1,11,0,0,0,1,3,7,1,"(42.0, 47.0]",Morning,5
609,28/11/2015,2015-11-28 13:01:41,13:01:41,malay,0,0,52,1,0,8,1,8,2,0,0,1,6,8,0,"(51.0, 55.0]",Afternoon,5
610,28/11/2015,2015-11-28 13:01:41,13:01:41,indian,1,0,51,1,0,10,0,0,1,2,0,1,6,7,0,"(47.0, 51.0]",Afternoon,5
611,28/11/2015,2015-11-28 13:01:41,13:01:41,chinese,1,1,49,1,0,10,0,10,1,0,1,1,6,8,1,"(47.0, 51.0]",Afternoon,5
612,28/11/2015,2015-11-28 13:56:34,13:56:34,indian,0,1,40,4,0,1,0,10,1,0,0,1,4,7,0,"(38.0, 42.0]",Afternoon,5
613,28/11/2015,2015-11-28 14:50:23,14:50:23,malay,0,0,46,1,0,0,0,5,0,11,0,1,6,9,0,"(42.0, 47.0]",Afternoon,5
614,28/11/2015,2015-11-28 14:50:23,14:50:23,chinese,1,0,38,1,0,1,0,10,1,0,1,1,3,9,1,"(33.0, 38.0]",Afternoon,5
615,28/11/2015,2015-11-28 14:53:57,14:53:57,chinese,0,1,52,1,0,10,0,6,1,2,1,1,4,7,0,"(51.0, 55.0]",Afternoon,5
616,28/11/2015,2015-11-28 14:53:57,14:53:57,indian,0,0,55,1,1,10,2,8,1,0,0,1,5,9,0,"(51.0, 55.0]",Afternoon,5
617,28/11/2015,2015-11-28 14:56:42,14:56:42,indian,0,0,51,4,1,10,2,2,1,1,0,1,5,8,0,"(47.0, 51.0]",Afternoon,5
618,28/11/2015,2015-11-28 14:56:42,14:56:42,indian,0,0,41,1,0,10,1,7,0,0,0,1,4,7,0,"(38.0, 42.0]",Afternoon,5
619,28/11/2015,2015-11-28 14:56:42,14:56:42,indian,0,1,44,4,0,8,0,10,1,8,1,1,3,8,0,"(42.0, 47.0]",Afternoon,5
620,28/11/2015,2015-11-28 14:56:42,14:56:42,indian,0,0,43,1,0,6,2,10,1,11,0,1,4,10,0,"(42.0, 47.0]",Afternoon,5
621,28/11/2015,2015-11-28 14:58:17,14:58:17,chinese,0,1,49,1,0,10,0,10,1,9,1,1,6,10,0,"(47.0, 51.0]",Afternoon,5
622,28/11/2015,2015-11-28 14:58:17,14:58:17,chinese,0,1,55,1,0,10,0,10,1,9,1,1,6,9,0,"(51.0, 55.0]",Afternoon,5
623,28/11/2015,2015-11-28 14:58:17,14:58:17,indian,0,0,29,4,1,10,2,2,1,1,0,1,5,10,0,"(27.999, 33.0]",Afternoon,5
624,28/11/2015,2015-11-28 14:58:17,14:58:17,indian,0,1,32,4,0,8,0,10,1,8,1,1,3,10,0,"(27.999, 33.0]",Afternoon,5
625,28/11/2015,2015-11-28 14:58:17,14:58:17,indian,0,1,55,4,0,8,0,10,1,8,1,1,3,8,0,"(51.0, 55.0]",Afternoon,5
626,28/11/2015,2015-11-28 15:01:51,15:01:51,indian,0,0,53,3,1,10,2,2,1,1,0,1,5,10,0,"(51.0, 55.0]",Afternoon,5
627,28/11/2015,2015-11-28 15:01:51,15:01:51,indian,0,0,35,4,0,0,0,0,1,0,1,1,5,9,1,"(33.0, 38.0]",Afternoon,5
628,28/11/2015,2015-11-28 16:16:37,16:16:37,foreigner,0,1,55,4,0,1,0,6,0,0,0,1,3,10,0,"(51.0, 55.0]",Afternoon,5
629,28/11/2015,2015-11-28 16:16:37,16:16:37,chinese,1,1,54,1,0,8,0,11,1,0,0,1,4,8,1,"(51.0, 55.0]",Afternoon,5
630,28/11/2015,2015-11-28 18:01:45,18:01:45,foreigner,1,0,54,1,0,8,1,1,0,0,0,0,4,10,0,"(51.0, 55.0]",Evening,5
631,28/11/2015,2015-11-28 18:01:45,18:01:45,foreigner,1,0,45,1,0,10,0,3,1,0,1,1,3,7,0,"(42.0, 47.0]",Evening,5
632,28/11/2015,2015-11-28 18:39:28,18:39:28,chinese,1,0,40,1,0,1,0,0,2,0,0,1,6,9,1,"(38.0, 42.0]",Evening,5
633,28/11/2015,2015-11-28 18:39:28,18:39:28,foreigner,1,0,37,1,0,8,0,10,0,0,0,1,5,9,0,"(33.0, 38.0]",Evening,5
634,28/11/2015,2015-11-28 18:39:28,18:39:28,foreigner,1,0,28,1,0,10,2,4,0,5,0,1,4,7,0,"(27.999, 33.0]",Evening,5
635,28/11/2015,2015-11-28 19:20:25,19:20:25,indian,1,0,39,2,0,10,1,10,1,5,0,1,4,7,0,"(38.0, 42.0]",Evening,5
636,28/11/2015,2015-11-28 19:20:54,19:20:54,indian,1,0,38,4,0,7,0,8,1,0,0,0,6,10,1,"(33.0, 38.0]",Evening,5
637,28/11/2015,2015-11-28 19:20:54,19:20:54,chinese,1,1,37,1,0,8,0,10,1,1,1,1,3,10,1,"(33.0, 38.0]",Evening,5
638,28/11/2015,2015-11-28 19:37:03,19:37:03,foreigner,1,0,55,1,0,8,0,10,1,0,0,0,6,7,0,"(51.0, 55.0]",Evening,5
639,28/11/2015,2015-11-28 19:41:26,19:41:26,indian,0,0,47,1,0,10,1,1,0,0,0,0,6,8,1,"(42.0, 47.0]",Evening,5
640,28/11/2015,2015-11-28 20:13:04,20:13:04,malay,0,0,32,4,0,2,2,1,0,1,0,1,3,10,1,"(27.999, 33.0]",Evening,5
641,28/11/2015,2015-11-28 21:02:03,21:02:03,chinese,0,1,53,1,0,10,0,8,1,5,0,1,5,8,0,"(51.0, 55.0]",Night,5
642,28/11/2015,2015-11-28 21:02:03,21:02:03,indian,0,1,40,1,0,8,0,2,0,0,0,0,6,7,1,"(38.0, 42.0]",Night,5
643,28/11/2015,2015-11-28 21:07:53,21:07:53,chinese,1,0,48,1,0,6,0,11,1,0,1,1,5,7,0,"(47.0, 51.0]",Night,5
644,28/11/2015,2015-11-28 21:07:03,21:07:03,chinese,0,0,29,1,0,1,0,4,0,1,0,1,4,10,0,"(27.999, 33.0]",Night,5
645,28/11/2015,2015-11-28 21:44:36,21:44:36,indian,1,0,39,1,0,6,0,0,1,2,0,1,5,7,0,"(38.0, 42.0]",Night,5
646,28/11/2015,2015-11-28 22:12:27,22:12:27,indian,1,0,46,1,0,6,0,10,1,11,1,1,5,8,0,"(42.0, 47.0]",Night,5
647,28/11/2015,2015-11-28 22:12:27,22:12:27,indian,1,1,53,1,0,10,0,0,1,2,0,1,6,10,0,"(51.0, 55.0]",Night,5
648,28/11/2015,2015-11-28 22:12:27,22:12:27,foreigner,0,1,40,1,0,0,3,2,0,10,0,0,3,7,1,"(38.0, 42.0]",Night,5
649,28/11/2015,2015-11-28 22:17:54,22:17:54,chinese,1,0,42,1,0,8,0,5,1,2,0,1,4,7,0,"(38.0, 42.0]",Night,5
650,28/11/2015,2015-11-28 23:04:39,23:04:39,indian,1,1,55,1,0,8,1,1,0,0,0,1,6,8,0,"(51.0, 55.0]",Night,5
651,28/11/2015,2015-11-28 23:04:39,23:04:39,indian,1,1,38,1,0,3,0,9,1,3,0,1,3,9,0,"(33.0, 38.0]",Night,5
652,28/11/2015,2015-11-28 23:04:39,23:04:39,indian,1,0,41,1,0,10,0,8,1,5,1,1,3,7,0,"(38.0, 42.0]",Night,5
653,28/11/2015,2015-11-28 23:04:39,23:04:39,indian,1,0,55,1,0,9,1,1,1,0,0,1,4,10,0,"(51.0, 55.0]",Night,5
654,28/11/2015,2015-11-28 23:14:19,23:14:19,indian,1,0,35,1,0,0,0,3,1,5,0,0,4,8,0,"(33.0, 38.0]",Night,5
655,28/11/2015,2015-11-28 23:18:29,23:18:29,indian,0,2,44,1,0,8,0,4,1,11,1,1,5,9,0,"(42.0, 47.0]",Night,5
656,28/11/2015,2015-11-28 23:54:31,23:54:31,foreigner,2,3,52,4,0,10,0,8,1,10,1,0,3,8,0,"(51.0, 55.0]",Night,5
657,29/11/2015,2015-11-29 00:07:01,0:07:01,indian,1,0,34,4,0,10,0,1,1,0,0,0,3,7,0,"(33.0, 38.0]",Late Night,6
658,29/11/2015,2015-11-29 00:08:32,0:08:32,chinese,0,1,40,4,0,10,0,3,1,7,1,1,5,7,0,"(38.0, 42.0]",Late Night,6
659,29/11/2015,2015-11-29 00:08:32,0:08:32,chinese,0,1,28,4,0,8,0,0,1,0,0,1,6,7,1,"(27.999, 33.0]",Late Night,6
660,29/11/2015,2015-11-29 00:08:32,0:08:32,foreigner,0,3,51,3,0,1,0,0,1,0,0,1,4,8,0,"(47.0, 51.0]",Late Night,6
661,29/11/2015,2015-11-29 00:09:18,0:09:18,chinese,0,1,51,4,0,10,3,3,1,7,1,1,6,7,0,"(47.0, 51.0]",Late Night,6
662,29/11/2015,2015-11-29 00:09:18,0:09:18,foreigner,0,1,37,4,0,1,0,6,0,0,0,1,5,10,0,"(33.0, 38.0]",Late Night,6
663,29/11/2015,2015-11-29 00:09:18,0:09:18,chinese,1,2,43,2,0,8,0,10,2,11,1,1,5,9,1,"(42.0, 47.0]",Late Night,6
664,29/11/2015,2015-11-29 01:25:34,1:25:34,chinese,1,0,53,1,0,8,0,1,1,4,1,2,3,9,1,"(51.0, 55.0]",Late Night,6
665,29/11/2015,2015-11-29 01:25:34,1:25:34,chinese,1,0,43,1,0,1,0,0,1,11,1,1,3,7,0,"(42.0, 47.0]",Late Night,6
666,29/11/2015,2015-11-29 01:25:34,1:25:34,foreigner,1,2,44,1,1,2,0,4,1,3,1,1,5,7,0,"(42.0, 47.0]",Late Night,6
667,29/11/2015,2015-11-29 01:25:34,1:25:34,chinese,0,1,44,1,0,10,0,10,1,9,1,1,6,10,0,"(42.0, 47.0]",Late Night,6
668,29/11/2015,2015-11-29 02:12:22,2:12:22,chinese,0,1,38,1,0,10,0,10,1,9,1,1,6,9,0,"(33.0, 38.0]",Late Night,6
669,29/11/2015,2015-11-29 02:12:22,2:12:22,foreigner,1,0,46,1,0,10,0,5,1,3,1,0,3,7,0,"(42.0, 47.0]",Late Night,6
670,29/11/2015,2015-11-29 02:12:22,2:12:22,chinese,1,0,50,1,0,1,1,10,1,0,1,1,3,10,1,"(47.0, 51.0]",Late Night,6
671,29/11/2015,2015-11-29 02:12:22,2:12:22,chinese,0,1,47,1,0,10,1,10,1,9,1,1,6,9,0,"(42.0, 47.0]",Late Night,6
672,29/11/2015,2015-11-29 02:38:45,2:38:45,chinese,0,1,41,1,0,10,1,10,1,9,1,1,6,10,0,"(38.0, 42.0]",Late Night,6
673,29/11/2015,2015-11-29 02:38:45,2:38:45,foreigner,1,0,29,1,0,10,1,3,1,0,1,1,3,7,0,"(27.999, 33.0]",Late Night,6
674,29/11/2015,2015-11-29 02:38:45,2:38:45,chinese,1,0,29,1,0,6,1,11,1,0,1,1,5,9,0,"(27.999, 33.0]",Late Night,6
675,29/11/2015,2015-11-29 02:38:45,2:38:45,chinese,1,2,51,2,0,8,1,10,1,11,1,1,5,9,1,"(47.0, 51.0]",Late Night,6
676,29/11/2015,2015-11-29 02:44:59,2:44:59,chinese,1,0,53,1,0,8,0,1,1,4,1,1,3,9,1,"(51.0, 55.0]",Late Night,6
677,29/11/2015,2015-11-29 02:44:59,2:44:59,chinese,1,0,36,1,0,1,0,0,1,11,1,1,3,7,0,"(33.0, 38.0]",Late Night,6
678,29/11/2015,2015-11-29 02:44:59,2:44:59,foreigner,1,2,39,1,1,2,1,4,1,3,1,1,5,10,0,"(38.0, 42.0]",Late Night,6
679,29/11/2015,2015-11-29 02:44:59,2:44:59,chinese,0,1,49,1,0,10,1,10,1,9,1,1,6,7,0,"(47.0, 51.0]",Late Night,6
680,29/11/2015,2015-11-29 02:44:59,2:44:59,chinese,0,1,36,1,0,10,1,10,1,9,1,1,6,7,0,"(33.0, 38.0]",Late Night,6
681,29/11/2015,2015-11-29 03:24:52,3:24:52,foreigner,1,0,54,1,0,10,1,5,1,3,1,0,3,7,0,"(51.0, 55.0]",Late Night,6
682,29/11/2015,2015-11-29 03:24:52,3:24:52,chinese,1,0,47,1,0,1,1,10,1,0,1,1,3,8,1,"(42.0, 47.0]",Late Night,6
683,29/11/2015,2015-11-29 03:24:52,3:24:52,chinese,0,1,34,1,0,10,3,10,1,9,1,1,6,9,0,"(33.0, 38.0]",Late Night,6
684,29/11/2015,2015-11-29 03:24:52,3:24:52,chinese,0,1,42,1,0,10,3,10,1,9,1,1,6,9,0,"(38.0, 42.0]",Late Night,6
685,29/11/2015,2015-11-29 03:36:20,3:36:20,foreigner,1,0,50,1,0,10,3,3,1,0,1,1,3,8,0,"(47.0, 51.0]",Late Night,6
686,29/11/2015,2015-11-29 03:36:20,3:36:20,chinese,1,0,38,1,0,6,3,11,2,0,1,0,5,8,0,"(33.0, 38.0]",Late Night,6
687,29/11/2015,2015-11-29 03:36:20,3:36:20,chinese,0,1,42,2,0,10,3,10,1,9,1,0,6,7,0,"(38.0, 42.0]",Late Night,6
688,29/11/2015,2015-11-29 03:36:20,3:36:20,chinese,0,1,42,0,0,10,3,10,1,9,1,0,6,10,0,"(38.0, 42.0]",Late Night,6
689,29/11/2015,2015-11-29 03:47:21,3:47:21,chinese,0,1,47,0,0,10,1,10,1,9,1,0,6,10,0,"(42.0, 47.0]",Late Night,6
690,29/11/2015,2015-11-29 03:47:21,3:47:21,chinese,0,1,54,2,0,6,0,10,1,9,1,0,3,10,0,"(51.0, 55.0]",Late Night,6
691,29/11/2015,2015-11-29 03:47:21,3:47:21,chinese,0,1,39,2,0,5,0,7,1,8,1,0,6,10,0,"(38.0, 42.0]",Late Night,6
692,29/11/2015,2015-11-29 03:47:21,3:47:21,chinese,0,1,44,0,0,1,1,5,2,9,1,0,6,10,0,"(42.0, 47.0]",Late Night,6
693,29/11/2015,2015-11-29 04:01:54,4:01:54,chinese,0,1,52,0,0,0,1,6,1,9,1,0,6,10,0,"(51.0, 55.0]",Late Night,6
694,29/11/2015,2015-11-29 04:01:54,4:01:54,chinese,0,1,36,0,0,5,1,7,1,9,1,0,3,9,0,"(33.0, 38.0]",Late Night,6
695,29/11/2015,2015-11-29 04:01:54,4:01:54,chinese,0,1,35,0,0,0,1,5,1,9,1,1,6,8,0,"(33.0, 38.0]",Late Night,6
696,29/11/2015,2015-11-29 04:01:54,4:01:54,chinese,0,1,45,0,0,8,1,6,1,1,1,0,5,8,0,"(42.0, 47.0]",Late Night,6
697,29/11/2015,2015-11-29 04:02:14,4:02:14,chinese,0,1,47,0,0,4,1,7,1,11,1,0,4,10,0,"(42.0, 47.0]",Late Night,6
698,29/11/2015,2015-11-29 04:02:14,4:02:14,chinese,0,1,39,2,0,0,0,5,2,0,1,0,3,10,0,"(38.0, 42.0]",Late Night,6
699,29/11/2015,2015-11-29 04:02:14,4:02:14,chinese,0,1,46,0,0,0,1,6,1,7,0,0,4,7,1,"(42.0, 47.0]",Late Night,6
700,29/11/2015,2015-11-29 04:02:14,4:02:14,malay,0,0,45,1,0,0,0,5,0,11,0,1,5,9,0,"(42.0, 47.0]",Late Night,6
701,29/11/2015,2015-11-29 04:02:14,4:02:14,chinese,1,0,53,1,0,1,0,10,1,0,1,1,3,8,1,"(51.0, 55.0]",Late Night,6
702,29/11/2015,2015-11-29 04:02:14,4:02:14,chinese,0,1,29,1,0,10,0,6,1,2,1,1,4,10,0,"(27.999, 33.0]",Late Night,6
703,29/11/2015,2015-11-29 04:02:14,4:02:14,indian,0,0,43,1,1,10,2,8,1,0,0,1,5,10,0,"(42.0, 47.0]",Late Night,6
704,29/11/2015,2015-11-29 04:02:14,4:02:14,indian,0,0,47,4,1,10,2,2,1,1,0,1,5,8,0,"(42.0, 47.0]",Late Night,6
705,29/11/2015,2015-11-29 04:03:48,4:03:48,indian,0,0,49,1,0,10,1,7,0,0,0,1,6,7,0,"(47.0, 51.0]",Late Night,6
706,29/11/2015,2015-11-29 04:03:48,4:03:48,indian,0,1,39,4,0,8,0,10,1,8,1,1,3,7,0,"(38.0, 42.0]",Late Night,6
707,29/11/2015,2015-11-29 04:03:48,4:03:48,indian,0,0,29,1,0,6,2,10,1,11,0,1,4,9,0,"(27.999, 33.0]",Late Night,6
708,29/11/2015,2015-11-29 04:03:48,4:03:48,chinese,0,1,34,1,0,10,0,10,1,9,1,1,6,8,0,"(33.0, 38.0]",Late Night,6
709,29/11/2015,2015-11-29 04:03:48,4:03:48,chinese,0,1,48,1,0,10,0,10,1,9,1,1,6,10,0,"(47.0, 51.0]",Late Night,6
710,29/11/2015,2015-11-29 04:03:48,4:03:48,indian,0,0,36,4,1,10,2,2,1,1,0,1,5,8,0,"(33.0, 38.0]",Late Night,6
711,29/11/2015,2015-11-29 04:03:48,4:03:48,indian,0,1,39,4,0,8,0,10,1,8,1,1,3,10,0,"(38.0, 42.0]",Late Night,6
712,29/11/2015,2015-11-29 04:03:48,4:03:48,indian,0,1,42,4,0,8,0,10,1,8,1,1,3,8,0,"(38.0, 42.0]",Late Night,6
713,29/11/2015,2015-11-29 04:03:48,4:03:48,indian,0,0,40,4,1,10,2,2,1,1,0,1,5,9,0,"(38.0, 42.0]",Late Night,6
714,29/11/2015,2015-11-29 04:03:48,4:03:48,indian,0,0,37,4,0,0,0,0,1,0,1,1,5,9,1,"(33.0, 38.0]",Late Night,6
715,29/11/2015,2015-11-29 04:03:48,4:03:48,foreigner,0,1,31,4,0,1,0,6,0,0,0,1,6,10,0,"(27.999, 33.0]",Late Night,6
716,29/11/2015,2015-11-29 04:03:48,4:03:48,chinese,1,1,28,1,0,8,0,11,1,0,0,1,6,8,1,"(27.999, 33.0]",Late Night,6
717,29/11/2015,2015-11-29 04:04:37,4:04:37,foreigner,1,0,46,1,0,8,1,1,0,0,0,0,4,9,0,"(42.0, 47.0]",Late Night,6
718,29/11/2015,2015-11-29 04:04:37,4:04:37,foreigner,1,0,30,1,0,10,0,3,1,0,1,1,3,9,0,"(27.999, 33.0]",Late Night,6
719,29/11/2015,2015-11-29 04:04:37,4:04:37,chinese,1,0,53,1,0,1,0,0,1,0,0,1,6,10,1,"(51.0, 55.0]",Late Night,6
720,29/11/2015,2015-11-29 04:04:37,4:04:37,foreigner,1,0,55,1,0,8,0,10,0,0,0,1,5,8,0,"(51.0, 55.0]",Late Night,6
721,29/11/2015,2015-11-29 04:04:37,4:04:37,foreigner,1,0,51,1,0,10,2,4,0,5,0,1,4,7,0,"(47.0, 51.0]",Late Night,6
722,29/11/2015,2015-11-29 04:04:37,4:04:37,indian,1,0,46,2,0,10,1,10,1,5,0,1,4,10,0,"(42.0, 47.0]",Late Night,6
723,29/11/2015,2015-11-29 04:04:37,4:04:37,indian,1,0,45,4,0,7,0,8,1,0,0,0,6,10,1,"(42.0, 47.0]",Late Night,6
724,29/11/2015,2015-11-29 04:04:37,4:04:37,chinese,1,1,45,1,0,8,0,10,1,1,1,1,3,10,1,"(42.0, 47.0]",Late Night,6
725,29/11/2015,2015-11-29 04:04:37,4:04:37,foreigner,1,0,32,1,0,8,0,10,1,0,0,0,4,7,0,"(27.999, 33.0]",Late Night,6
726,29/11/2015,2015-11-29 04:04:37,4:04:37,indian,0,0,37,1,0,10,1,1,0,0,0,0,4,8,1,"(33.0, 38.0]",Late Night,6
727,29/11/2015,2015-11-29 04:05:42,4:05:42,malay,0,0,54,4,0,2,2,1,0,1,0,1,3,7,1,"(51.0, 55.0]",Late Night,6
728,29/11/2015,2015-11-29 04:05:42,4:05:42,chinese,0,1,35,1,0,10,0,8,1,5,0,1,5,10,0,"(33.0, 38.0]",Late Night,6
729,29/11/2015,2015-11-29 04:05:42,4:05:42,indian,0,1,28,1,0,8,0,2,0,0,0,0,3,7,1,"(27.999, 33.0]",Late Night,6
730,29/11/2015,2015-11-29 04:05:59,4:05:59,chinese,1,0,38,1,0,6,0,11,1,0,1,1,5,7,0,"(33.0, 38.0]",Late Night,6
731,29/11/2015,2015-11-29 04:05:59,4:05:59,chinese,0,0,52,1,0,1,0,4,0,1,0,1,4,8,0,"(51.0, 55.0]",Late Night,6
732,29/11/2015,2015-11-29 04:05:59,4:05:59,indian,1,0,35,1,0,6,0,0,1,2,0,1,5,8,0,"(33.0, 38.0]",Late Night,6
733,29/11/2015,2015-11-29 04:05:59,4:05:59,indian,1,0,47,1,0,6,0,10,1,11,1,1,5,7,0,"(42.0, 47.0]",Late Night,6
734,29/11/2015,2015-11-29 04:05:59,4:05:59,indian,1,1,35,1,0,10,0,0,1,2,0,1,6,7,0,"(33.0, 38.0]",Late Night,6
735,29/11/2015,2015-11-29 04:06:04,4:06:04,foreigner,0,1,37,1,0,0,0,2,0,0,0,0,3,7,1,"(33.0, 38.0]",Late Night,6
736,29/11/2015,2015-11-29 04:06:04,4:06:04,chinese,1,0,54,1,0,8,0,5,1,2,0,1,4,8,0,"(51.0, 55.0]",Late Night,6
737,29/11/2015,2015-11-29 04:06:04,4:06:04,indian,1,1,54,1,0,8,1,1,0,0,0,1,3,8,0,"(51.0, 55.0]",Late Night,6
738,29/11/2015,2015-11-29 04:06:04,4:06:04,indian,1,1,43,1,0,3,0,3,1,3,0,1,6,9,0,"(42.0, 47.0]",Late Night,6
739,29/11/2015,2015-11-29 04:06:04,4:06:04,indian,1,0,50,1,0,10,0,8,1,5,1,1,3,9,0,"(47.0, 51.0]",Late Night,6
740,29/11/2015,2015-11-29 04:06:04,4:06:04,indian,1,0,42,1,0,3,1,1,1,0,0,1,4,10,0,"(38.0, 42.0]",Late Night,6
741,29/11/2015,2015-11-29 04:06:04,4:06:04,indian,1,0,53,1,0,0,0,3,1,5,0,0,4,8,0,"(51.0, 55.0]",Late Night,6
742,29/11/2015,2015-11-29 04:06:19,4:06:19,indian,0,2,32,1,0,8,0,4,1,11,1,1,5,7,0,"(27.999, 33.0]",Late Night,6
743,29/11/2015,2015-11-29 04:06:19,4:06:19,foreigner,1,0,51,4,0,10,0,8,1,5,1,0,3,8,0,"(47.0, 51.0]",Late Night,6
744,29/11/2015,2015-11-29 04:06:19,4:06:19,indian,1,0,46,4,0,10,0,1,1,0,0,0,5,7,0,"(42.0, 47.0]",Late Night,6
745,29/11/2015,2015-11-29 04:06:19,4:06:19,chinese,0,1,53,4,0,10,0,3,1,7,1,1,4,7,0,"(51.0, 55.0]",Late Night,6
746,29/11/2015,2015-11-29 04:06:19,4:06:19,chinese,0,1,40,4,0,8,0,0,1,0,0,1,3,7,1,"(38.0, 42.0]",Late Night,6
747,29/11/2015,2015-11-29 04:06:19,4:06:19,foreigner,0,1,46,4,0,1,0,0,1,0,0,1,3,8,0,"(42.0, 47.0]",Late Night,6
748,29/11/2015,2015-11-29 04:06:19,4:06:19,chinese,0,1,44,4,0,10,0,3,1,7,1,1,4,7,0,"(42.0, 47.0]",Late Night,6
749,29/11/2015,2015-11-29 04:06:19,4:06:19,foreigner,0,1,53,4,0,1,0,6,0,0,0,1,3,10,0,"(51.0, 55.0]",Late Night,6
750,29/11/2015,2015-11-29 04:06:19,4:06:19,chinese,1,2,29,2,0,8,0,10,1,11,1,1,5,9,1,"(27.999, 33.0]",Late Night,6
751,29/11/2015,2015-11-29 04:06:19,4:06:19,chinese,1,0,46,1,0,8,0,1,1,4,1,1,3,9,1,"(42.0, 47.0]",Late Night,6
752,29/11/2015,2015-11-29 04:06:19,4:06:19,chinese,1,0,41,1,0,1,0,0,1,11,1,1,3,7,0,"(38.0, 42.0]",Late Night,6
753,29/11/2015,2015-11-29 04:06:22,4:06:22,foreigner,1,2,34,1,1,2,0,4,1,3,1,1,5,7,0,"(33.0, 38.0]",Late Night,6
754,29/11/2015,2015-11-29 04:06:22,4:06:22,chinese,0,1,35,1,0,10,0,10,1,9,1,1,6,9,0,"(33.0, 38.0]",Late Night,6
755,29/11/2015,2015-11-29 04:06:22,4:06:22,chinese,0,1,55,1,0,10,0,10,1,9,1,1,6,8,0,"(51.0, 55.0]",Late Night,6
756,29/11/2015,2015-11-29 04:06:22,4:06:22,foreigner,1,0,42,1,0,10,0,9,1,3,1,0,3,7,0,"(38.0, 42.0]",Late Night,6
757,29/11/2015,2015-11-29 04:06:22,4:06:22,chinese,1,0,46,1,0,1,1,10,1,0,1,1,3,8,1,"(42.0, 47.0]",Late Night,6
758,29/11/2015,2015-11-29 04:06:22,4:06:22,chinese,0,1,52,1,0,10,1,10,1,9,1,1,6,8,0,"(51.0, 55.0]",Late Night,6
759,29/11/2015,2015-11-29 04:06:22,4:06:22,chinese,0,1,35,1,0,10,1,9,1,9,1,1,6,10,0,"(33.0, 38.0]",Late Night,6
760,29/11/2015,2015-11-29 04:06:22,4:06:22,foreigner,1,0,42,1,0,9,1,3,2,0,1,1,3,10,0,"(38.0, 42.0]",Late Night,6
761,29/11/2015,2015-11-29 04:06:22,4:06:22,chinese,1,0,38,1,0,6,1,11,2,0,1,1,5,9,0,"(33.0, 38.0]",Late Night,6
762,29/11/2015,2015-11-29 04:07:46,4:07:46,chinese,1,3,46,2,0,8,1,10,1,11,1,1,5,9,1,"(42.0, 47.0]",Late Night,6
763,29/11/2015,2015-11-29 04:07:46,4:07:46,chinese,1,0,33,1,0,8,3,1,1,4,1,1,3,9,1,"(27.999, 33.0]",Late Night,6
764,29/11/2015,2015-11-29 04:07:46,4:07:46,chinese,1,3,48,1,0,1,0,0,1,11,1,1,3,7,0,"(47.0, 51.0]",Late Night,6
765,29/11/2015,2015-11-29 04:07:46,4:07:46,foreigner,1,2,42,1,1,2,1,9,1,3,1,1,5,10,0,"(38.0, 42.0]",Late Night,6
766,29/11/2015,2015-11-29 04:07:46,4:07:46,chinese,0,2,40,1,0,10,1,10,1,9,1,1,6,8,0,"(38.0, 42.0]",Late Night,6
767,29/11/2015,2015-11-29 04:07:46,4:07:46,chinese,0,3,54,1,0,10,1,10,2,9,1,1,6,8,0,"(51.0, 55.0]",Late Night,6
768,29/11/2015,2015-11-29 04:07:46,4:07:46,foreigner,1,2,37,1,0,10,1,5,1,3,1,0,5,7,0,"(33.0, 38.0]",Late Night,6
769,29/11/2015,2015-11-29 04:07:46,4:07:46,chinese,1,2,40,1,0,1,1,10,1,0,1,1,3,9,1,"(38.0, 42.0]",Late Night,6
770,29/11/2015,2015-11-29 04:07:46,4:07:46,chinese,0,2,53,1,0,10,3,10,2,9,1,1,6,8,0,"(51.0, 55.0]",Late Night,6
771,29/11/2015,2015-11-29 04:07:46,4:07:46,chinese,0,2,41,1,0,10,1,10,1,9,1,1,6,7,0,"(38.0, 42.0]",Late Night,6
772,29/11/2015,2015-11-29 04:07:46,4:07:46,foreigner,1,3,42,1,0,10,0,3,1,0,1,1,3,10,0,"(38.0, 42.0]",Late Night,6
773,29/11/2015,2015-11-29 04:08:31,4:08:31,chinese,1,2,36,1,0,6,1,11,1,0,1,0,5,8,0,"(33.0, 38.0]",Late Night,6
774,29/11/2015,2015-11-29 04:08:31,4:08:31,malay,0,3,30,2,0,10,3,9,1,9,1,0,6,9,0,"(27.999, 33.0]",Late Night,6
775,29/11/2015,2015-11-29 04:08:31,4:08:31,malay,0,2,29,0,0,10,1,10,1,9,1,0,6,8,0,"(27.999, 33.0]",Late Night,6
776,29/11/2015,2015-11-29 04:08:31,4:08:31,malay,0,2,44,0,0,10,1,10,1,9,1,0,6,7,0,"(42.0, 47.0]",Late Night,6
777,29/11/2015,2015-11-29 04:08:31,4:08:31,chinese,0,3,55,2,0,6,0,10,1,9,1,0,3,10,0,"(51.0, 55.0]",Late Night,6
778,29/11/2015,2015-11-29 04:08:31,4:08:31,malay,0,2,40,2,0,5,0,7,2,8,1,0,4,10,0,"(38.0, 42.0]",Late Night,6
779,29/11/2015,2015-11-29 04:08:31,4:08:31,malay,0,2,50,0,0,1,1,5,1,9,1,0,4,10,0,"(47.0, 51.0]",Late Night,6
780,29/11/2015,2015-11-29 04:08:31,4:08:31,malay,0,2,42,0,0,0,1,6,1,9,1,0,4,10,0,"(38.0, 42.0]",Late Night,6
781,29/11/2015,2015-11-29 04:08:31,4:08:31,malay,0,2,28,0,0,5,3,7,2,9,1,0,3,8,0,"(27.999, 33.0]",Late Night,6
782,29/11/2015,2015-11-29 04:11:41,4:11:41,malay,0,3,30,0,0,0,1,5,1,9,1,1,6,8,0,"(27.999, 33.0]",Late Night,6
783,29/11/2015,2015-11-29 04:11:41,4:11:41,malay,0,2,45,0,0,8,1,6,1,1,1,0,5,7,0,"(42.0, 47.0]",Late Night,6
784,29/11/2015,2015-11-29 04:11:41,4:11:41,malay,0,2,45,0,0,4,3,7,1,11,1,0,4,7,0,"(42.0, 47.0]",Late Night,6
785,29/11/2015,2015-11-29 04:11:41,4:11:41,malay,0,3,32,2,0,0,0,5,1,0,1,0,3,7,0,"(27.999, 33.0]",Late Night,6
786,29/11/2015,2015-11-29 04:11:41,4:11:41,malay,0,2,33,0,0,0,1,6,1,7,0,0,6,7,1,"(27.999, 33.0]",Late Night,6
787,29/11/2015,2015-11-29 04:14:16,4:14:16,malay,1,3,50,1,0,5,0,3,1,6,1,1,4,9,0,"(47.0, 51.0]",Late Night,6
788,29/11/2015,2015-11-29 08:16:36,8:16:36,malay,1,0,38,2,0,1,0,5,1,2,0,1,6,10,0,"(33.0, 38.0]",Early Morning,6
789,29/11/2015,2015-11-29 08:56:00,8:56:00,chinese,1,2,28,1,0,0,0,3,1,0,0,1,3,8,0,"(27.999, 33.0]",Early Morning,6
790,29/11/2015,2015-11-29 09:46:09,9:46:09,malay,1,2,46,1,0,11,0,4,1,2,0,1,6,10,0,"(42.0, 47.0]",Morning,6
791,09/12/2015,2015-12-09 09:46:09,9:46:09,malay,1,1,34,1,0,0,0,3,1,0,0,0,6,7,0,"(33.0, 38.0]",Morning,2
792,09/12/2015,2015-12-09 15:13:16,15:13:16,malay,0,2,33,1,1,10,0,10,0,3,0,1,3,7,0,"(27.999, 33.0]",Afternoon,2
793,09/12/2015,2015-12-09 15:21:37,15:21:37,malay,1,2,37,1,1,1,0,1,1,2,0,0,6,10,0,"(33.0, 38.0]",Afternoon,2
794,09/12/2015,2015-12-09 16:20:06,16:20:06,malay,0,2,42,1,1,6,2,0,2,0,0,1,5,8,0,"(38.0, 42.0]",Afternoon,2
795,09/12/2015,2015-12-09 16:50:56,16:50:56,malay,0,2,45,0,0,1,0,8,0,2,0,2,4,7,1,"(42.0, 47.0]",Afternoon,2
796,09/12/2015,2015-12-09 17:21:26,17:21:26,malay,1,2,38,0,0,1,0,3,1,0,1,2,6,8,0,"(33.0, 38.0]",Evening,2
797,09/12/2015,2015-12-09 17:22:37,17:22:37,malay,0,1,44,4,0,0,0,10,0,0,0,2,6,7,1,"(42.0, 47.0]",Evening,2
798,09/12/2015,2015-12-09 17:24:32,17:24:32,malay,0,1,39,3,0,1,2,3,2,10,0,2,3,9,1,"(38.0, 42.0]",Evening,2
799,09/12/2015,2015-12-09 17:37:56,17:37:56,malay,0,1,50,4,0,1,0,10,1,0,0,2,3,9,0,"(47.0, 51.0]",Evening,2
800,09/12/2015,2015-12-09 18:43:46,18:43:46,malay,0,1,36,2,1,10,0,10,1,5,0,2,4,7,0,"(33.0, 38.0]",Evening,2
801,09/12/2015,2015-12-09 19:02:06,19:02:06,indian,1,1,42,1,0,4,0,10,1,6,1,2,4,8,0,"(38.0, 42.0]",Evening,2
802,09/12/2015,2015-12-09 20:05:46,20:05:46,malay,0,2,40,1,1,10,0,4,0,10,0,2,3,8,0,"(38.0, 42.0]",Evening,2
803,09/12/2015,2015-12-09 20:05:46,20:05:46,malay,0,1,45,1,1,10,0,8,0,0,0,1,3,10,0,"(42.0, 47.0]",Evening,2
804,09/12/2015,2015-12-09 20:33:01,20:33:01,malay,1,0,34,1,0,4,0,10,1,0,0,0,3,7,0,"(33.0, 38.0]",Evening,2
805,09/12/2015,2015-12-09 20:37:01,20:37:01,malay,0,1,53,1,0,7,2,6,0,7,0,1,3,7,1,"(51.0, 55.0]",Evening,2
806,09/12/2015,2015-12-09 20:42:57,20:42:57,indian,0,1,37,1,0,3,2,2,1,0,0,1,6,10,0,"(33.0, 38.0]",Evening,2
807,09/12/2015,2015-12-09 20:43:20,20:43:20,malay,1,1,29,1,0,1,0,10,1,0,0,0,4,8,0,"(27.999, 33.0]",Evening,2
